-- phpMyAdmin SQL Dump
-- version 4.8.5
-- https://www.phpmyadmin.net/
--
-- Máy chủ: localhost
-- Thời gian đã tạo: Th4 21, 2026 lúc 03:00 AM
-- Phiên bản máy phục vụ: 5.7.25
-- Phiên bản PHP: 7.1.26

SET SQL_MODE = "NO_AUTO_VALUE_ON_ZERO";
SET AUTOCOMMIT = 0;
START TRANSACTION;
SET time_zone = "+00:00";


/*!40101 SET @OLD_CHARACTER_SET_CLIENT=@@CHARACTER_SET_CLIENT */;
/*!40101 SET @OLD_CHARACTER_SET_RESULTS=@@CHARACTER_SET_RESULTS */;
/*!40101 SET @OLD_COLLATION_CONNECTION=@@COLLATION_CONNECTION */;
/*!40101 SET NAMES utf8mb4 */;

--
-- Cơ sở dữ liệu: `restaurant_db`
--
CREATE DATABASE IF NOT EXISTS `restaurant_db`;
USE `restaurant_db`;

-- --------------------------------------------------------

--
-- Cấu trúc bảng cho bảng `categories`
--

CREATE TABLE `categories` (
  `id` char(36) COLLATE utf8mb4_unicode_ci NOT NULL COMMENT 'UUID primary key',
  `name` varchar(255) COLLATE utf8mb4_unicode_ci NOT NULL COMMENT 'Category name, unique constraint',
  `description` text COLLATE utf8mb4_unicode_ci COMMENT 'Category description, optional',
  `image_url` varchar(500) COLLATE utf8mb4_unicode_ci DEFAULT NULL COMMENT 'URL to category image, optional',
  `created_at` timestamp NOT NULL DEFAULT CURRENT_TIMESTAMP COMMENT 'Record creation timestamp',
  `updated_at` timestamp NOT NULL DEFAULT CURRENT_TIMESTAMP ON UPDATE CURRENT_TIMESTAMP COMMENT 'Last update timestamp'
) ENGINE=InnoDB DEFAULT CHARSET=utf8mb4 COLLATE=utf8mb4_unicode_ci COMMENT='Food/drink categories (appetizers, mains, desserts, etc.)';

--
-- Đang đổ dữ liệu cho bảng `categories`
--

INSERT INTO `categories` (`id`, `name`, `description`, `image_url`, `created_at`, `updated_at`) VALUES
('19e6a569-fa40-4ed7-a08d-fd8c80c8aa44', 'Thịt Gà Đặc Sản', 'Những thớ thịt gà thả vườn săn chắc, tẩm ướp đậm đà gia vị thảo mộc và chế biến bằng sự đam mê.', 'https://www.themealdb.com/images/category/chicken.png', '2026-03-11 23:44:44', '2026-03-11 23:44:44'),
('27e07a31-f585-4fae-a8d3-dd43b686e6d4', 'Thịt Bò Thượng Hạng', 'Tuyển tập các món bò nội mọng nước, từ nướng xém cạnh đến hầm rục tủy xương, đánh thức mọi giác quan.', 'https://www.themealdb.com/images/category/beef.png', '2026-03-11 23:44:43', '2026-03-11 23:44:43'),
('346be777-07ed-426f-9be4-9bdec7356dcc', 'Mì Ý Hảo Hạng', 'Tinh hoa ẩm thực Địa Trung Hải với sợi mì luộc Al Dente dòn dai quyện trong làn nước xốt sánh mịn.', 'https://www.themealdb.com/images/category/pasta.png', '2026-03-11 23:44:44', '2026-03-11 23:44:44'),
('41bb93b7-357e-4edd-b1f6-f0221963968c', 'Thịt Lợn Tinh Tuyển', 'Từng dải ba chỉ tươm mỡ hay sườn non nướng cháy cạnh, mang đến sự no đủ và thỏa mãn tuyệt đối.', 'https://www.themealdb.com/images/category/pork.png', '2026-03-11 23:44:45', '2026-03-11 23:44:45'),
('56d9060a-cb24-499d-9431-ae5cb161fea8', 'Hải Sản Đại Dương', 'Trọn vẹn hơi thở biển khơi tươi mát từ tôm, cua, cá, mực được đánh bắt và chế biến ngay trong ngày.', 'https://www.themealdb.com/images/category/seafood.png', '2026-03-11 23:44:45', '2026-03-11 23:44:45'),
('70144013-483b-445f-b36f-01a2ed3c9eb8', 'Món Ăn Kèm Thanh Tao', 'Những bản phối rau củ và tinh bột nhẹ nhàng, giúp làm sạch vòm miệng và tôn vinh vương vị món chính.', 'https://www.themealdb.com/images/category/side.png', '2026-03-11 23:44:45', '2026-03-11 23:44:45'),
('79440908-cec9-40b7-ba7b-0e8c3e5fdd80', 'Tráng Miệng Lãng Mạn', 'Bản giao hưởng ngọt ngào của bánh ngọt, kem tươi và trái cây, khép lại bữa tiệc một cách hoàn mỹ.', 'https://www.themealdb.com/images/category/dessert.png', '2026-03-11 23:44:44', '2026-03-11 23:44:44'),
('95d9ce28-aa8d-44a9-b099-5556c238a42e', 'Khai Vị Kích Thích', 'Bước dạo đầu đầy tinh tế với những hương vị chua cay mặn ngọt dôn dốt, khơi mào cho yến tiệc.', 'https://www.themealdb.com/images/category/starter.png', '2026-03-11 23:44:45', '2026-03-11 23:44:45'),
('c04ad7dc-8a5c-4696-b670-38abe869bce0', 'Thịt Dê Núi Đậm Vị', 'Đặc sản dê núi săn chắc, tẩm ướp bí truyền khử sạch mùi hôi, mang lại trải nghiệm thăng hoa.', 'https://www.themealdb.com/images/category/goat.png', '2026-03-11 23:44:46', '2026-03-11 23:44:46'),
('c52195d5-d7bf-4c33-94f4-6628dc481a0c', 'Ẩm Thực Chay', 'Sự kết hợp phong phú giữa rau củ tươi mướt, nấm rừng và phô mai béo ngậy đầy dinh dưỡng.', 'https://www.themealdb.com/images/category/vegetarian.png', '2026-03-11 23:44:45', '2026-03-11 23:44:45'),
('d941e6e2-b286-4b60-b280-a78e591142dd', 'Điểm Tâm Sáng', 'Khởi đầu ngày mới rực rỡ với những món ăn nóng hổi, tiếp thêm nguồn năng lượng dồi dào.', 'https://www.themealdb.com/images/category/breakfast.png', '2026-03-11 23:44:45', '2026-03-11 23:44:45'),
('e329a11a-e7b2-4081-8b1c-2aba3f0e2d29', 'Cừu Non Đút Lò', 'Thịt cừu non tơ ngấm đẫm hương thảo mộc, nướng chậm mềm tan không lưu lại chút hậu vị ngái.', 'https://www.themealdb.com/images/category/lamb.png', '2026-03-11 23:44:44', '2026-03-11 23:44:44'),
('e35baa1a-0d7e-422c-8513-01ca34591f2d', 'Thuần Chay Tự Nhiên', 'Nét đẹp nguyên bản của thực vật, không bơ sữa, mang lại sự thanh tịnh và an lành cho cơ thể.', 'https://www.themealdb.com/images/category/vegan.png', '2026-03-11 23:44:45', '2026-03-11 23:44:45'),
('eda062c9-466f-4f68-ab6d-675368609649', 'Biến Tấu Độc Bản', 'Những tuyệt tác ẩm thực phá cách, kết hợp nguyên liệu độc đáo không theo bất kỳ khuôn mẫu nào.', 'https://www.themealdb.com/images/category/miscellaneous.png', '2026-03-11 23:44:44', '2026-03-11 23:44:44');

-- --------------------------------------------------------

--
-- Cấu trúc bảng cho bảng `menu_items`
--

CREATE TABLE `menu_items` (
  `id` char(36) COLLATE utf8mb4_unicode_ci NOT NULL COMMENT 'UUID primary key',
  `category_id` char(36) COLLATE utf8mb4_unicode_ci NOT NULL COMMENT 'Foreign key to categories table',
  `name` varchar(255) COLLATE utf8mb4_unicode_ci NOT NULL COMMENT 'Menu item name',
  `description` text COLLATE utf8mb4_unicode_ci COMMENT 'Item description and ingredients, optional',
  `price` decimal(10,2) UNSIGNED NOT NULL COMMENT 'Item price (must be >= 0)',
  `image_url` varchar(500) COLLATE utf8mb4_unicode_ci DEFAULT NULL COMMENT 'URL to item image, optional',
  `area` varchar(100) COLLATE utf8mb4_unicode_ci DEFAULT NULL COMMENT 'Area/location code, optional',
  `is_available` tinyint(1) NOT NULL DEFAULT '1' COMMENT 'Availability status',
  `is_featured` tinyint(1) NOT NULL DEFAULT '0' COMMENT 'Featured on homepage or special section',
  `created_at` timestamp NOT NULL DEFAULT CURRENT_TIMESTAMP COMMENT 'Record creation timestamp',
  `updated_at` timestamp NOT NULL DEFAULT CURRENT_TIMESTAMP ON UPDATE CURRENT_TIMESTAMP COMMENT 'Last update timestamp'
) ENGINE=InnoDB DEFAULT CHARSET=utf8mb4 COLLATE=utf8mb4_unicode_ci COMMENT='Restaurant menu items with category relationship';

--
-- Đang đổ dữ liệu cho bảng `menu_items`
--

INSERT INTO `menu_items` (`id`, `category_id`, `name`, `description`, `price`, `image_url`, `area`, `is_available`, `is_featured`, `created_at`, `updated_at`) VALUES
('00258eda-d3f5-4dec-9293-86c55504bb6e', 'c52195d5-d7bf-4c33-94f4-6628dc481a0c', 'Súp Khoai Tây Hầm Thịt Cừu Chtitha Batata Kiểu Algeria Đậm Đặc Bỏng Rát Cay Xé Lưỡi Đê Mê Tê Ngây', 'Xốt tỏi ớt đập nhồi lỏng nhũn đun lụt nổ lép bép thả cừu khoai luộc bở bục vỡ nước hầm cô đặc váng tươm mỡ.', '75000.00', 'https://www.themealdb.com/images/media/meals/q8pu1k1764114334.jpg/preview', 'Algerian', 1, 0, '2026-03-12 00:04:05', '2026-03-12 00:04:05'),
('00b393cf-a164-439a-bb11-a87187f96836', '56d9060a-cb24-499d-9431-ae5cb161fea8', 'Mực Chiên Xù Rang Muối Tiêu Cay Nồng Vỡ Vụn Hạt Béo Bùi Cắn Ngập Răng Xịt Nước Lỏng Le Lỏng Lét Mặn', 'Mực tẩm lựu văng lỏng chiên ngập nổ rộp dòn lõi xốp muối tiêu xào khét xém nứt lỏng lụt lửa.', '120000.00', 'https://www.themealdb.com/images/media/meals/yxiilf1763759428.jpg/preview', 'Vietnamese', 1, 0, '2026-03-12 00:04:11', '2026-03-12 00:04:11'),
('0129a81c-03ea-473e-8896-a1a043b183a6', '27e07a31-f585-4fae-a8d3-dd43b686e6d4', 'Bánh Mì Chivito Bò Nướng Kẹp Trứng Xúc Xích Phô Mai Ngập Cốt Chảy', 'Ổ bánh giòn rạn cắn vỡ bọc tảng bò nướng tươm mỡ, trứng đào lỏng nhũn dăm bông xông khói phô mai kéo sợi dính mướt ngon lành.', '200000.00', 'https://www.themealdb.com/images/media/meals/n7qnkb1630444129.jpg/preview', 'Uruguayan', 1, 0, '2026-03-12 00:04:00', '2026-03-12 00:04:00'),
('015f10df-9c84-4c7e-a6d8-1c1f7646e176', '19e6a569-fa40-4ed7-a08d-fd8c80c8aa44', 'Gà Áp Chảo Hầm Vang Đỏ Coq Au Vin Kiểu Pháp Đậm Đặc Nước Cốt Chua Thanh Chát Đắng Rũ Lưỡi Bươm', 'Thịt ba rọi áp xém khét tươm mỡ xào hành tỏi lụn bại tọng đùi gà lặn ngụp vang đỏ đun bục vỡ ùng ục nấm bở váng lỏng.', '160000.00', 'https://www.themealdb.com/images/media/meals/qstyvs1505931190.jpg/preview', 'French', 1, 0, '2026-03-12 00:04:06', '2026-03-12 00:04:06'),
('01790205-1ace-4fce-97f8-c9a9f0f0587b', '79440908-cec9-40b7-ba7b-0e8c3e5fdd80', 'Bánh Mút Xốp Pouding Chomeur Đút Lò Lót Si-rô', 'Cốt bánh bơ nở phồng rộp nứt xốp mịn lặn ngụp dưới dòng si-rô cây phong nóng bỏng đun sôi trào lấp lánh như chiếc gương nước.', '70000.00', 'https://www.themealdb.com/images/media/meals/yqqqwu1511816912.jpg/preview', 'Canadian', 1, 0, '2026-03-12 00:04:38', '2026-03-12 00:04:38'),
('021f74b6-00fe-4f60-8c09-ea4cfaa340c2', '56d9060a-cb24-499d-9431-ae5cb161fea8', 'Hủ Tiếu Xào Tôm Áp Chảo Chow Fun Bỏng Lửa Óng Láng Bóng Rẫy Kích Vị Tê Ngây Cực Đỉnh Chua Chát Lừng Danh', 'Phở ngâm bở vỡ lỏng lủng đun lụt ùng sục vớt lỏng lủng xào tôm lựu văng lụn lỏng lụt lắt tươm láng.', '115000.00', 'https://www.themealdb.com/images/media/meals/1529445434.jpg/preview', 'Chinese', 1, 0, '2026-03-12 00:04:15', '2026-03-12 00:04:15'),
('035e0875-4b66-46a0-8fd6-9f773b2100b2', '19e6a569-fa40-4ed7-a08d-fd8c80c8aa44', 'Gà Om Sốt Vang Đỏ Basquaise Kiểu Pháp', 'Đùi gà nướng xém da hầm nhừ trong xốt cà chua vang đỏ sóng sánh, vị chua chua ngòn ngọt mơn man lưu luyến đầu lưỡi.', '155000.00', 'https://www.themealdb.com/images/media/meals/wruvqv1511880994.jpg/preview', 'French', 1, 0, '2026-03-12 00:03:56', '2026-03-12 00:03:56'),
('03c5488f-14e3-47cd-a86e-1d8649cec13b', '79440908-cec9-40b7-ba7b-0e8c3e5fdd80', 'Quẩy Xoắn Churros Phủ Sốt Socola Caramel Muối Mặn Béo Ngậy Chấm Kéo Sợi', 'Bột chiên ngập dầu vỏ nứt rộp phồng dòn rụm lõi xốp dẻo chấm quệt đẫm dòng xốt bơ đường đun chảy sóng sánh lấp lánh.', '135000.00', 'https://www.themealdb.com/images/media/meals/erzs951763296201.jpg/preview', 'Spanish', 1, 0, '2026-03-12 00:04:02', '2026-03-12 00:04:02'),
('04821150-2916-4614-8a34-6745d2cf249b', 'c52195d5-d7bf-4c33-94f4-6628dc481a0c', 'Salad Khoai Tây Cà Rốt Trộn Mayonnaise Dưa Chuột Muối', 'Sự kết hợp cổ điển giải ngấy với khoai tây luộc bở thái lựu, dưa leo chua giòn và xốt Mayonnaise kem đặc béo bùi xóc đều.', '60000.00', 'https://www.themealdb.com/images/media/meals/ebvuir1699013665.jpg/preview', 'Russian', 1, 0, '2026-03-12 00:04:38', '2026-03-12 00:04:38'),
('04f9adcc-14d9-4c3a-9518-20fe742b827f', '56d9060a-cb24-499d-9431-ae5cb161fea8', 'Thố Xúc Xích Hầm Nghêu Biển Đậu Trắng Nước Cốt Mặn Chát Thơm Dậy Mùi Lấp Liếm Răng Nóng Bỏng', 'Xúc xích áp chảo tươm mỡ láng đỏ xào lướt hành tỏi lụn bại ấp ủ nghêu há bục đậu luộc nhũn lỏng đun bùng nhùng.', '195000.00', 'https://www.themealdb.com/images/media/meals/92wbmf1763252334.jpg/preview', 'Spanish', 1, 0, '2026-03-12 00:04:06', '2026-03-12 00:04:06'),
('051c21f9-e5cf-4ce9-b6bc-317788aece17', '79440908-cec9-40b7-ba7b-0e8c3e5fdd80', 'Bánh Parkin Gừng Yến Mạch Mật Đường', 'Chiếc bánh nướng đậm đà hơi thở mùa đông nước Anh, xốp ẩm bùi béo kết hợp vị gừng ấm áp và lớp mật mía kẹo dính ngọt ngào.', '250000.00', 'https://www.themealdb.com/images/media/meals/qxuqtt1511724269.jpg/preview', 'British', 0, 0, '2026-03-12 00:04:29', '2026-03-12 00:04:29'),
('0524683e-141c-4772-bd52-820ff27ae3fa', '27e07a31-f585-4fae-a8d3-dd43b686e6d4', 'Thịt Viên Chiên Giòn Bitterballen', 'Khối thịt viên vàng ươm vỏ giòn tan, nhân bên trong là xốt kem bơ hầm thịt bò sền sệt béo ngậy tan chảy khó cưỡng.', '85000.00', 'https://www.themealdb.com/images/media/meals/lhqev81565090111.jpg/preview', 'Dutch', 1, 0, '2026-03-12 00:03:47', '2026-03-12 00:03:47'),
('06047258-2974-4946-a304-bf6453085f1d', '79440908-cec9-40b7-ba7b-0e8c3e5fdd80', 'Bánh Crêpe Nalesniki Phô Mai Tươi Cuộn Mứt Dâu', 'Lớp bánh mỏng tang vàng ươm cuộn ấp phô mai sữa đông béo ngậy và mứt dâu đỏ au chua thanh, rưới si-rô lóng lánh đậm vị tuổi thơ.', '180000.00', 'https://www.themealdb.com/images/media/meals/58bkyo1593350017.jpg/preview', 'Polish', 1, 0, '2026-03-12 00:04:34', '2026-03-12 00:04:34'),
('068577e5-8a48-429e-8398-2d2577374e59', '19e6a569-fa40-4ed7-a08d-fd8c80c8aa44', 'Gà Nấu Sốt Cà Chua Marengo Cõng Nấm Rừng Nhừ Tử', 'Xốt cà chua sánh mịn ôm trọn đùi gà áp chảo hầm nhừ vắt cạn ngọt tủy, quyện nấm rừng mềm mọng lún nhẹ nơi răng.', '185000.00', 'https://www.themealdb.com/images/media/meals/qpxvuq1511798906.jpg/preview', 'French', 1, 0, '2026-03-12 00:03:58', '2026-03-12 00:03:58'),
('0723d9e6-92b3-4065-a590-71a328c65a76', 'eda062c9-466f-4f68-ab6d-675368609649', 'Pizza Margherita Lò Gạch Nướng Xém Viền', 'Chiếc pizza kinh điển Napoli vỏ mỏng nướng củi giòn rụm, phủ xốt cà chua chua thanh và phô mai Mozzarella tươi kéo sợi dai dẻo lóng lánh.', '75000.00', 'https://www.themealdb.com/images/media/meals/x0lk931587671540.jpg/preview', 'Italian', 1, 0, '2026-03-12 00:04:33', '2026-03-12 00:04:33'),
('0733790b-220c-416a-83b5-65d3b8d13203', '19e6a569-fa40-4ed7-a08d-fd8c80c8aa44', 'Hủ Tiếu Xào Bò Pad See Ew', 'Bản giao hưởng đường phố Thái Lan với sợi hủ tiếu bản to xào xém viền trong xốt tương đen óng ả, ngấm đẫm vị bò tươi mọng nước.', '60000.00', 'https://www.themealdb.com/images/media/meals/uuuspp1468263334.jpg/preview', 'Thai', 1, 0, '2026-03-12 00:04:28', '2026-03-12 00:04:28'),
('07375e53-2ac4-42b8-943d-c30c1c32600d', '70144013-483b-445f-b36f-01a2ed3c9eb8', 'Salad Dưa Leo Xào Mè Rang Ngũ Vị Hương Chua Thanh Dôn Dốt Bóng Lộn Dầu Mỡ Nhai Rộp Rộp Đứt Phanh Dòn Sần Sật', 'Dưa lỏng lủng ướp ráo lỏng nhào tã mè láng lỏng lựu văng bắn đun bục lỏng lụt lỏng lợn.', '80000.00', 'https://www.themealdb.com/images/media/meals/93iok31766436070.jpg/preview', 'Chinese', 1, 0, '2026-03-12 00:04:14', '2026-03-12 00:04:14'),
('083dadf8-f251-4cc4-a2bd-b8ffa3a174c0', '27e07a31-f585-4fae-a8d3-dd43b686e6d4', 'Bánh Mì Burger Big Mac Trứ Danh', 'Chiếc burger 3 tầng khổng lồ với bò nướng than hoa kẹp phô mai chảy béo ngậy, bao phủ bởi xốt kem chua ngọt đặc trưng.', '105000.00', 'https://www.themealdb.com/images/media/meals/urzj1d1587670726.jpg/preview', 'American', 1, 0, '2026-03-12 00:03:47', '2026-03-12 00:03:47'),
('08d946e9-9989-4472-9ce7-bef24ca5bd16', '56d9060a-cb24-499d-9431-ae5cb161fea8', 'Bánh Tráng Cuộn Mì Cá Hồi Sốt Chua Cay Dính Mướt Quệt Môi Béo Ngậy Cắn Rập Răng Tuyệt Đỉnh Khó Phai Nhức', 'Mì chần lỏng lủng lặn ngụp nước bốc vớt ráo xốt tương chanh chua lỏng lấp cuộn cá hồi xém rạn nứt.', '85000.00', 'https://www.themealdb.com/images/media/meals/prrirc1763781360.jpg/preview', 'Vietnamese', 1, 0, '2026-03-12 00:04:11', '2026-03-12 00:04:11'),
('0933db6f-e638-486f-b70f-f18c076c1cd8', '70144013-483b-445f-b36f-01a2ed3c9eb8', 'Khoai Tây Đút Lò Boulangère Kiểu Pháp', 'Khoai tây xắt lát mỏng đút lò cùng bơ lạt, bề mặt xém vàng ruộm trong khi cốt bên trong thấm đẫm nước dùng bở tơi mềm mịn.', '240000.00', 'https://www.themealdb.com/images/media/meals/qywups1511796761.jpg/preview', 'French', 1, 0, '2026-03-12 00:03:48', '2026-03-12 00:03:48'),
('0a3dae1e-7412-45d2-9a82-fbc30cf8d2c0', '19e6a569-fa40-4ed7-a08d-fd8c80c8aa44', 'Gà Om Nấm Bơ Nồi Đất Vị Thanh Ngọt', 'Thớ thịt gà hầm mềm rục hòa cùng nấm mọng nước trong làn nước xốt bơ tỏi sánh nhẹ, vắt cạn độ ngọt của nguyên liệu tự nhiên.', '130000.00', 'https://www.themealdb.com/images/media/meals/uuuspp1511297945.jpg/preview', 'British', 1, 0, '2026-03-12 00:03:55', '2026-03-12 00:03:55'),
('0a60c657-0465-4fae-b05c-21d3c900f9cd', 'e329a11a-e7b2-4081-8b1c-2aba3f0e2d29', 'Sườn Cừu Nướng Xốt Ớt Gừng Cay Nồng Phết Đẫm Mướt Mát', 'Dẻ sườn cừu non tơ quết đẫm hỗn hợp xốt tỏi gừng chanh đút lò nướng xém, thịt hồng đào tươm béo ngậy mềm rũ trên đầu lưỡi.', '85000.00', 'https://www.themealdb.com/images/media/meals/8xuvhj1763794991.jpg/preview', 'Turkish', 0, 0, '2026-03-12 00:03:59', '2026-03-12 00:03:59'),
('0abaff13-d082-498c-8e87-6e4d16fa046a', '27e07a31-f585-4fae-a8d3-dd43b686e6d4', 'Bò Hầm Cay Nhừ Chilli Mềm Tan', 'Thớ thịt bò ninh nhừ khóa chặt vị ngọt tủy, đắm chìm trong nước xốt ớt đỏ cay xé lưỡi đậm đà phong vị Nam Mỹ.', '230000.00', 'https://www.themealdb.com/images/media/meals/uuqvwu1504629254.jpg/preview', 'Mexican', 1, 0, '2026-03-12 00:03:50', '2026-03-12 00:03:50'),
('0bf98755-c193-4ffc-bde4-b9f3c2aaba28', '27e07a31-f585-4fae-a8d3-dd43b686e6d4', 'Bánh Pie Thịt Băm Pate Chinois Phủ Khoai Tây Xay', 'Món nướng nhiều lớp với đế thịt băm xào hành tỏi đậm đà, hạt ngô ngọt lịm phủ kín bởi lớp khoai tây nghiền bơ sữa xém mặt béo ngậy.', '105000.00', 'https://www.themealdb.com/images/media/meals/yyrrxr1511816289.jpg/preview', 'Canadian', 1, 0, '2026-03-12 00:04:31', '2026-03-12 00:04:31'),
('0c1febab-9f74-4ea8-81ee-b09396f51994', '27e07a31-f585-4fae-a8d3-dd43b686e6d4', 'Súp Bò Hầm Cùng Dumpling Dẻo Thơm', 'Nước súp bò hầm xương đậm đà thanh ngọt, quyện cùng thịt bò xém cạnh mọng nước và viên bột dumpling dẻo mềm.', '100000.00', 'https://www.themealdb.com/images/media/meals/uyqrrv1511553350.jpg/preview', 'British', 1, 0, '2026-03-12 00:03:44', '2026-03-12 00:03:44'),
('0c3fabbf-40ce-4d31-a15a-44a25f29cb40', '79440908-cec9-40b7-ba7b-0e8c3e5fdd80', 'Bánh Pancake Chuối Bồng Bềnh', 'Những chiếc bánh xốp mềm, nóng hổi tỏa hương chuối chín tự nhiên và vanilla êm dịu, ăn kèm bơ lạt tan chảy và si-rô phong.', '95000.00', 'https://www.themealdb.com/images/media/meals/sywswr1511383814.jpg/preview', 'American', 1, 0, '2026-03-12 00:03:38', '2026-03-12 00:03:38'),
('0ee0e3fb-dddf-4e92-b496-70530a9328d7', '56d9060a-cb24-499d-9431-ae5cb161fea8', 'Taco Cá Chiên Lớp Gia Vị Cajun Tê Tái', 'Phi lê cá tẩm bột chiên bùng nổ nước mọng, áo bên ngoài lớp gia vị Cajun xông khói cay nồng, cuộn trong bánh Tortilla mềm mại.', '55000.00', 'https://www.themealdb.com/images/media/meals/uvuyxu1503067369.jpg/preview', 'Mexican', 1, 0, '2026-03-12 00:03:53', '2026-03-12 00:03:53'),
('0f056245-292f-487d-b799-f3fa885635bf', '56d9060a-cb24-499d-9431-ae5cb161fea8', 'Cơm Hải Sản Xào Vang Óng Ả Thảo Mộc Thơm Phức Rục Xương Bở Tơi Nhũn Lụi Rũ Rượi Ngập Cốt Khét Nước Sánh', 'Gạo tã lỏng lủng đun vang sủi ùng tọng hải lựu văng lỏng lủng lạch nát váng đun bục bùng.', '105000.00', 'https://www.themealdb.com/images/media/meals/5r5rvx1763287943.jpg/preview', 'Spanish', 1, 0, '2026-03-12 00:04:12', '2026-03-12 00:04:12'),
('1022e57a-e5f5-4900-b573-d15014b879df', '19e6a569-fa40-4ed7-a08d-fd8c80c8aa44', 'Salad Quinoa Gà Lưới Kiểu Hy Lạp Xốt Tỏi Bơ Trộn Đều', 'Hạt diêm mạch bung nở tơi xốp hòa ca cùng gà phi lê xốc bơ tỏi, điểm xuyết rau xanh dưa leo giòn mọng thanh mát cơ thể.', '100000.00', 'https://www.themealdb.com/images/media/meals/k29viq1585565980.jpg/preview', 'Greek', 1, 0, '2026-03-12 00:03:58', '2026-03-12 00:03:58'),
('110149b2-7800-42e4-84b4-26d92a01dc1c', '346be777-07ed-426f-9be4-9bdec7356dcc', 'Mì Ý Puttanesca Cà Chua Đen Ô Liu Tỏi Ớt', 'Sợi mì Ý vàng óng luộc chuẩn Al Dente hòa mình trong xốt cà chua cô đặc, cá mòi mặn mòi điểm xuyết nụ bạch hoa chua dịu nức mũi.', '60000.00', 'https://www.themealdb.com/images/media/meals/vvtvtr1511180578.jpg/preview', 'Italian', 1, 0, '2026-03-12 00:04:32', '2026-03-12 00:04:32'),
('130338bf-f964-4992-b98e-5bc9a78e70ef', '27e07a31-f585-4fae-a8d3-dd43b686e6d4', 'Mì Ý Xốt Bò Băm Cà Chua Bolognese Ngấm Đượm Tuyệt Mỹ Đục Ngầu Nước Hầm Cô Đặc Nhừ Tử Béo Ngậy Tan Chảy', 'Hành xào lụn tươm láng đun lụt gạo lỏng lủng sủi ùng ầm váng tọng bò lựu văng lỏng lủng.', '140000.00', 'https://www.themealdb.com/images/media/meals/sutysw1468247559.jpg/preview', 'Italian', 1, 0, '2026-03-12 00:04:18', '2026-03-12 00:04:18'),
('1421a4a2-cdf0-4a46-83cf-abe519157936', '79440908-cec9-40b7-ba7b-0e8c3e5fdd80', 'Bánh Cupcake Socola Kunafa Phủ Kem Hạt Dẻ Cười', 'Khúc biến tấu phương Đông với lõi bánh ngọt lịm socola, trùm chiếc mền sợi mì Kunafa nướng giòn rụm bùi béo tan ngay trong miệng.', '125000.00', 'https://www.themealdb.com/images/media/meals/yh3sg71763741307.jpg/preview', 'Saudi Arabian', 0, 0, '2026-03-12 00:04:32', '2026-03-12 00:04:32'),
('14a5707d-3178-4235-9391-97d57a59b335', '27e07a31-f585-4fae-a8d3-dd43b686e6d4', 'Thịt Băm Cuộn Đút Lò Xốt Đậu Nành Ngọt Nước Sốt Wasabi Cà Rốt Ngọt Lịm Khó Cưỡng Nứt Nẻ Tỏa Hương Béo Bùi', 'Thịt lỏng lủng đập nhồi ấp đun lụt ùng sục đút nướng xém rạn vỡ lõi nhũn lụi rũ lỏng láng.', '115000.00', 'https://www.themealdb.com/images/media/meals/o2wb6p1581005243.jpg/preview', 'American', 0, 0, '2026-03-12 00:04:17', '2026-03-12 00:04:17'),
('14d9d8c1-8e0b-4624-b163-494ccdc7a5ef', '70144013-483b-445f-b36f-01a2ed3c9eb8', 'Súp Đậu Hà Lan Tách Hạt Hầm Thịt Heo Hà Lan Cô Đặc Nhừ Tử Béo Ngậy Tan Chảy Ngập Lối Mặn Mòi Rát Lưỡi Đê Mê', 'Đậu lỏng lủng luộc bở vỡ vớt lỏng tươm láng xốt tương lỏng lụt lắt tươm láng thịt xào lộn.', '220000.00', 'https://www.themealdb.com/images/media/meals/9ptx0a1565090843.jpg/preview', 'Dutch', 1, 0, '2026-03-12 00:04:17', '2026-03-12 00:04:17'),
('157053d5-c4b6-44d3-b3ff-cb0a684fa997', '79440908-cec9-40b7-ba7b-0e8c3e5fdd80', 'Bánh Bông Lan Cà Rốt Hạt Óc Chó', 'Cốt bánh xốp mịn lấm tấm vụn cà rốt đỏ au tươm ẩm, điểm hạt óc chó bùi béo đan xen lớp kem phủ phô mai cream cheese thanh chua.', '180000.00', 'https://www.themealdb.com/images/media/meals/vrspxv1511722107.jpg/preview', 'British', 1, 0, '2026-03-12 00:03:53', '2026-03-12 00:03:53'),
('1671069d-472f-4eec-a01e-52deab2ad846', '19e6a569-fa40-4ed7-a08d-fd8c80c8aa44', 'Đậu Trắng Hầm Lườn Gà Cùng Xúc Xích Khói Chorizo Mãn Nhãn Kéo Sợi Bóng Láng Ngập Ngụa Cắn Rập Răng Tuyệt Đỉnh', 'Khoai luộc bở nhũn xào gà áp tươm láng đổ trứng đun rát váng xém bục nứt rỗng bỏ lỏng.', '235000.00', 'https://www.themealdb.com/images/media/meals/bpkxtw1763332446.jpg/preview', 'Spanish', 1, 0, '2026-03-12 00:04:18', '2026-03-12 00:04:18'),
('17a013f4-21c5-43ae-8f0c-9b60979ee921', 'c52195d5-d7bf-4c33-94f4-6628dc481a0c', 'Trứng Đút Lò Xốt Cà Chua Cà Tím Pisto', 'Phiên bản Ratatouille xứ Tây Ban Nha với rau củ xào nhừ mọng nước, ôm trọn những quả trứng đút lò với phần lòng đỏ đào tan chảy êm ái.', '230000.00', 'https://www.themealdb.com/images/media/meals/0nswfe1763279040.jpg/preview', 'Spanish', 1, 0, '2026-03-12 00:04:33', '2026-03-12 00:04:33'),
('19ce10d9-e711-491e-bc16-fe4fa0633195', '56d9060a-cb24-499d-9431-ae5cb161fea8', 'Cá Chẽm Đút Lò Xốt Morocco', 'Thớ cá chẽm trắng ngần được tẩm ướp xốt thảo mộc Morocco đút lò xém mặt, mang đến hương vị cay nồng tinh tế đánh thức vị giác.', '185000.00', 'https://www.themealdb.com/images/media/meals/4o4wh11761848573.jpg/preview', 'Australian', 1, 1, '2026-03-12 00:03:38', '2026-03-12 00:03:38'),
('1a4f254b-676e-4088-885d-1bb941211852', 'c52195d5-d7bf-4c33-94f4-6628dc481a0c', 'Trứng Cà Chua Xào Tơi Kiểu Hoa Nước Cốt Ngọt Lịm Đưa Cơm', 'Trứng tráng tơi xốp hòa quyện cà chua mọng nước xào nhừ, lớp nước cốt thanh ngọt tự nhiên lan tỏa trọn vẹn vị mộc mạc đưa cơm.', '100000.00', 'https://www.themealdb.com/images/media/meals/rwvw8q1765660071.jpg/preview', 'Chinese', 1, 0, '2026-03-12 00:04:00', '2026-03-12 00:04:00'),
('1c42e8be-5134-45e1-b9ac-65ec0a3c6425', '27e07a31-f585-4fae-a8d3-dd43b686e6d4', 'Bò Hầm Rau Củ Lapskaus Na Uy', 'Thịt bò ninh chậm rã mềm tủy, quyện đặc xốt sền sệt thanh ngọt từ khoai tây và hành tây mọng nước giải ngấy hoàn hảo.', '190000.00', 'https://www.themealdb.com/images/media/meals/6vi2cv1763075785.jpg/preview', 'Norwegian', 1, 0, '2026-03-12 00:03:52', '2026-03-12 00:03:52'),
('1d4970f9-797f-4e47-b0f6-c5f3dac016fc', 'd941e6e2-b286-4b60-b280-a78e591142dd', 'Trứng Chần Sốt Bơ Hollandaise Cá Hồi Xông Khói Béo Ngậy Tan Chảy Ngập Lối Rũ Lưỡi Nát Bươm Mặn Chát Thơm', 'Lòng đỏ đánh tã lỏng đun lụt ùng xốt bơ chanh chua dôn lỏng lấp trứng chần lỏng lủng đun bục.', '180000.00', 'https://www.themealdb.com/images/media/meals/1550440197.jpg/preview', 'American', 0, 0, '2026-03-12 00:04:10', '2026-03-12 00:04:10'),
('1d626ec5-40df-477e-b9d5-7d90c8ece1a6', '41bb93b7-357e-4edd-b1f6-f0221963968c', 'Thịt Heo Đút Lò Hầm Rượu Táo Cider Chua Chát Mặn Mòi Mềm Rục Tủy Xương Rã Tơi Xốp Phồng Rộp Nứt', 'Sườn áp chảo tươm bơ láng xém viền đút thố lụt vang táo đun ùng ục váng khoai cà rốt bở tơi nhũn lụi lỏng rũ.', '170000.00', 'https://www.themealdb.com/images/media/meals/7vpsfp1608588991.jpg/preview', 'Irish', 0, 0, '2026-03-12 00:04:06', '2026-03-12 00:04:06'),
('1e13a0ca-8dfe-4458-8fae-7432d0365981', 'e329a11a-e7b2-4081-8b1c-2aba3f0e2d29', 'Cà Chua Nhồi Thịt Cừu Nướng Xém Cạnh Mọng Nước Bỏng Rẫy Lan Tỏa Thơm Nức Ngất Ngây Rục Xương Bở Tơi Nhũn Lụi Rũ Rượi Ngập Cốt Khét Nước Sánh', 'Cà tã lỏng lủng đun lụt sủi ùng tọng lựu văng lỏng lủng lạch nát váng đun bục bùng.', '105000.00', 'https://www.themealdb.com/images/media/meals/u55lbp1585564013.jpg/preview', 'Greek', 1, 0, '2026-03-12 00:04:26', '2026-03-12 00:04:26'),
('1e7c36d6-c864-44c4-89e2-bbbd652f257e', '27e07a31-f585-4fae-a8d3-dd43b686e6d4', 'Cơm Bò Nướng Mandi Ả Rập', 'Cơm Basmati hạt dài ướp nghệ vàng ươm, phục vụ cùng thịt bò nướng chậm thơm lừng hương bơ ghee, tỏi và thảo quả.', '235000.00', 'https://www.themealdb.com/images/media/meals/1nalo51765188375.jpg/preview', 'Indian', 1, 0, '2026-03-12 00:03:44', '2026-03-12 00:03:44'),
('1f18a50d-16ce-47ad-a50f-cac56c2d3e71', 'eda062c9-466f-4f68-ab6d-675368609649', 'Bánh Mì Dẹt Syria Nướng Chảo', 'Ổ bánh mì thủ công nướng xém trên chảo gang, ruột bánh xốp phồng dai dẻo cực kỳ bắt vị khi chấm kèm các loại xốt Trung Đông.', '75000.00', 'https://www.themealdb.com/images/media/meals/54xzk31760524666.jpg/preview', 'Syrian', 1, 0, '2026-03-12 00:04:27', '2026-03-12 00:04:27'),
('1fb0f71d-d109-4fa6-9118-31ee9368c8c2', '19e6a569-fa40-4ed7-a08d-fd8c80c8aa44', 'Bánh Burger Gà Giòn Rụm Lõi Mọng Nước', 'Lườn gà tẩm bột rán ngập dầu vỏ ngoài giòn rụm, giữ trọn thớ thịt trắng ngần mọng nước kẹp giữa lớp bánh mì bơ êm ái.', '250000.00', 'https://www.themealdb.com/images/media/meals/sbx7n71587673021.jpg/preview', 'American', 1, 0, '2026-03-12 00:03:55', '2026-03-12 00:03:55'),
('203ef1ed-789f-4cb6-a3e5-2fc4a01bdd44', '79440908-cec9-40b7-ba7b-0e8c3e5fdd80', 'Bánh Gừng Mật Ong Piernik Ba Lan', 'Cốt bánh nướng xốp ẩm nâu bóng ôm trọn hương gừng ấm áp, quyện với vị ngọt sâu thẳm của mật mía và lớp mứt trái cây ẩn mình tinh tế.', '230000.00', 'https://www.themealdb.com/images/media/meals/kwmdk41764120884.jpg/preview', 'Polish', 1, 0, '2026-03-12 00:04:32', '2026-03-12 00:04:32'),
('20640330-34f5-4a5d-b0c7-dac0505eb134', 'c52195d5-d7bf-4c33-94f4-6628dc481a0c', 'Cà Tím Áp Chảo Xốt Harissa Đậu Gà Chấm Sữa Chua Thì Là Chua Chát Nồng Cay Bí Mật Áp Chảo Bơ Khét Xém Rụm Lớp Vỏ Tan Chảy Nhân Thơm Nồng Mọng Nước', 'Cà lỏng rũ lỏng lủng đun bục bùng nhồi nát vỏ đút xém vỡ dòn láng lấp.', '205000.00', 'https://www.themealdb.com/images/media/meals/yqwtvu1487426027.jpg/preview', 'American', 1, 0, '2026-03-12 00:04:25', '2026-03-12 00:04:25'),
('20ab5415-de2a-4a93-9997-74bc56813425', 'd941e6e2-b286-4b60-b280-a78e591142dd', 'Khoai Tây Áp Chảo Bữa Sáng & Thịt Xông Khói', 'Khoai tây thái hạt lựu xào xém viền bóng láng bơ, quyện cùng thịt xông khói nướng giòn rụm mang đến sự no tròn mãn nguyện.', '160000.00', 'https://www.themealdb.com/images/media/meals/1550441882.jpg/preview', 'Canadian', 1, 0, '2026-03-12 00:03:50', '2026-03-12 00:03:50'),
('20d79692-112a-41a0-9bb8-b12b5bd87244', '79440908-cec9-40b7-ba7b-0e8c3e5fdd80', 'Bánh Quy Bơ Đậu Phộng Nướng Xốp Mềm', 'Những chiếc bánh nướng nứt nẻ kiêu hãnh giòn viền, cốt bên trong xốp mềm ngập tràn vị bùi béo đặc trưng của bơ đậu phộng nguyên chất.', '215000.00', 'https://www.themealdb.com/images/media/meals/1544384070.jpg/preview', 'American', 1, 0, '2026-03-12 00:04:31', '2026-03-12 00:04:31'),
('22ca9a1c-1d10-4fd5-b21e-17f722783c58', '41bb93b7-357e-4edd-b1f6-f0221963968c', 'Thịt Heo Hầm Bắp Cải Chua Goulash Đậm Đặc', 'Bò thái vuông hầm mềm rục trong lớp xốt đặc quánh ớt Paprika xông khói cay nhẹ, quyện bắp cải lên men chua dịu hài hòa bất ngờ.', '120000.00', 'https://www.themealdb.com/images/media/meals/cyuhwp1764362103.jpg/preview', 'Polish', 1, 0, '2026-03-12 00:04:36', '2026-03-12 00:04:36'),
('24989ade-f071-467a-b2ba-3b6ec26fa5f3', '27e07a31-f585-4fae-a8d3-dd43b686e6d4', 'Salad Mì Bò Chua Ngọt Kiểu Việt Dòn Tan Rau Sạch Tươi Mát Ngút Ngàn Gây Nghiện Xém Cạnh Rạn Nứt Nẻ Lỏng Lợn Cợn Lủng Củng', 'Mì lỏng lủng luộc dập xào lặn đun lụt ùng ầm váng lỏng lủng vớt lỏng lụt lắt tươm.', '250000.00', 'https://www.themealdb.com/images/media/meals/st9shl1763755808.jpg/preview', 'Vietnamese', 1, 0, '2026-03-12 00:04:22', '2026-03-12 00:04:22'),
('26279a8a-7d65-42e3-a473-e44a21e36798', '79440908-cec9-40b7-ba7b-0e8c3e5fdd80', 'Mousse Chanh Dây Phồng Xốp Chua Thanh', 'Cốt bánh mousse nhẹ bẫng mịn mượt trôi tuột nơi cuống họng, đan xen vị béo ngậy của kem tươi và độ chua thanh dôn dốt đầy lôi cuốn.', '140000.00', 'https://www.themealdb.com/images/media/meals/gkcdpl1764441325.jpg/preview', 'Venezulan', 1, 0, '2026-03-12 00:04:29', '2026-03-12 00:04:29'),
('2654635f-d539-4b0d-a12a-59251e584194', '70144013-483b-445f-b36f-01a2ed3c9eb8', 'Phô Mai Brie Cuộn Thịt Muối Lót Bánh Brioche', 'Khối phô mai Brie Pháp béo ngậy tan chảy, được ôm ấp bởi dăm bông Prosciutto mặn mòi và vỏ bánh mì Brioche nướng thơm bơ.', '170000.00', 'https://www.themealdb.com/images/media/meals/qqpwsy1511796276.jpg/preview', 'French', 1, 0, '2026-03-12 00:03:50', '2026-03-12 00:03:50'),
('26a5eb94-66df-4001-9bfe-043d019844a5', '79440908-cec9-40b7-ba7b-0e8c3e5fdd80', 'Bánh Cheesecake Bơ Đậu Phộng Caramel Muối', 'Bánh phô mai nướng mềm mịn quyện cùng bơ đậu phộng bùi béo, phủ lớp xốt caramel mặn óng ả trên nền bánh quy bơ giòn rụm.', '60000.00', 'https://www.themealdb.com/images/media/meals/qtuuys1511387068.jpg/preview', 'American', 1, 0, '2026-03-12 00:04:31', '2026-03-12 00:04:31'),
('27295e85-2300-42e6-ba81-e17b93f58300', '56d9060a-cb24-499d-9431-ae5cb161fea8', 'Tôm Áp Chảo Xốt Ớt Ngò Cốt Chanh Chua Cay Bóng Láng', 'Tôm sú lột nõn áp chảo xém viền trong dầu tỏi nóng bỏng rẫy tươm mỡ láng, phủ lớp xốt ngò gai ớt tươi cay nồng thanh mát cuốn hút.', '210000.00', 'https://www.themealdb.com/images/media/meals/96lt871763480970.jpg/preview', 'Thai', 1, 0, '2026-03-12 00:04:40', '2026-03-12 00:04:40'),
('273338d2-b9f4-48c8-82b3-4a58e7cc317b', '79440908-cec9-40b7-ba7b-0e8c3e5fdd80', 'Bánh Trứng Nướng Pastel De Nata Xém Viền Vỏ Giòn Rụm', 'Niềm tự hào Bồ Đào Nha với lớp vỏ ngàn lớp đút lò vỡ vụn ôm lấy cốt kem trứng nướng ván sém đen, béo ngậy ngọt ngào không tỳ vết.', '195000.00', 'https://www.themealdb.com/images/media/meals/vmz7gl1614350221.jpg/preview', 'Portuguese', 1, 0, '2026-03-12 00:04:37', '2026-03-12 00:04:37'),
('28c4168e-a4da-41e6-9338-231dd1a20e28', '41bb93b7-357e-4edd-b1f6-f0221963968c', 'Thịt Heo Chiên Giòn Xốt Chua Ngọt Đậm Vị', 'Thớ thịt heo chiên ngập dầu giòn tan bên ngoài mọng nước bên trong, tắm đẫm trong lớp xốt dứa chua ngọt kích thích vị giác.', '175000.00', 'https://www.themealdb.com/images/media/meals/1529442316.jpg/preview', 'Chinese', 0, 0, '2026-03-12 00:04:27', '2026-03-12 00:04:27'),
('291059ec-5ffd-498f-b06c-0affa11d0c73', 'd941e6e2-b286-4b60-b280-a78e591142dd', 'Trứng Omelette Cuộn Bánh Mì Trứ Danh', 'Bữa sáng tràn năng lượng với lớp trứng rán vàng ươm bọc ngoài dải bánh mì xốp giòn, ăn kèm xốt tiêu cay nhẹ kích vị.', '190000.00', 'https://www.themealdb.com/images/media/meals/hqaejl1695738653.jpg/preview', 'Indian', 1, 0, '2026-03-12 00:03:50', '2026-03-12 00:03:50'),
('299e45cc-7f49-40bc-ace8-829fafcf75dd', '70144013-483b-445f-b36f-01a2ed3c9eb8', 'Súp Bisque Vỏ Tôm Lót Củ Thì Là Xay Nhuyễn Đậm Đặc', 'Nước dùng vắt cạn tinh túy vỏ tôm hầm nhừ xay nhuyễn mượt mà như nhung lụa, hòa quyện kem sữa béo ngậy điểm hương rượu Cognac cay nồng.', '190000.00', 'https://www.themealdb.com/images/media/meals/rtwwvv1511799504.jpg/preview', 'French', 1, 0, '2026-03-12 00:04:39', '2026-03-12 00:04:39'),
('29ed7f39-e84c-472d-8698-3f75f0543a40', '56d9060a-cb24-499d-9431-ae5cb161fea8', 'Cá Trích Ngâm Dầu Giấm Thảo Mộc Kiểu Ba Lan Ngây Ngất Chua Thanh Dôn Dốt Bóng Lộn Dầu Mỡ Nhai Rộp Rộp Đứt Phanh', 'Cá ngâm bở vỡ đun lụt lặn vớt lỏng lủng xào lụn rũ lỏng lụt lắt tươm láng.', '170000.00', 'https://www.themealdb.com/images/media/meals/7ttta31593350374.jpg/preview', 'Polish', 1, 0, '2026-03-12 00:04:16', '2026-03-12 00:04:16'),
('2aba3c8c-a911-4bd3-a9a9-821305600ce2', '70144013-483b-445f-b36f-01a2ed3c9eb8', 'Bánh Mì Tết Tóc Challah Bóng Bẩy', 'Tuyệt phẩm bánh mì tết viền nghệ thuật vỏ ngoài nướng xém nâu cánh gián mượt mà, thớ bánh bên trong dai dẻo ngậm bơ tơi xốp.', '90000.00', 'https://www.themealdb.com/images/media/meals/fm01ky1764366365.jpg/preview', 'Polish', 1, 0, '2026-03-12 00:03:55', '2026-03-12 00:03:55'),
('2acd0be4-e4aa-49e6-91d0-2e60181ea6c6', '56d9060a-cb24-499d-9431-ae5cb161fea8', 'Mì Ống Fideuà Xào Hải Sản Tươi Sống Ngút Ngàn Cô Đặc Nước Hầm Béo Ngậy Tan Chảy Ngập Lối Rũ Lưỡi Nát Bươm', 'Mì lỏng lủng luộc dập xào vẹm lặn đun lụt ùng ầm váng lỏng lủng vớt lỏng lụt lắt tươm láng.', '225000.00', 'https://www.themealdb.com/images/media/meals/wqqvyq1511179730.jpg/preview', 'Spanish', 1, 0, '2026-03-12 00:04:12', '2026-03-12 00:04:12'),
('2afc3631-a812-4f8a-99d7-ca41c5aa6ffc', '79440908-cec9-40b7-ba7b-0e8c3e5fdd80', 'Bánh Tart Lê Nướng Úp Ngược Tarte Tatin', 'Chiếc bánh úp ngược kinh điển với những lát lê ngậm đẫm caramel đắng dịu đút lò, đế pastry ngàn lớp nướng xém vỡ rụm giòn tan.', '145000.00', 'https://www.themealdb.com/images/media/meals/rxvxrr1511797671.jpg/preview', 'French', 1, 0, '2026-03-12 00:04:31', '2026-03-12 00:04:31'),
('2b2a4cab-8f61-41a0-b9a6-d552be3d27f6', '56d9060a-cb24-499d-9431-ae5cb161fea8', 'Salad Mì Tôm Chua Ngọt Lóng Lánh Rưới Xốt Chanh Dầu Giấm', 'Sợi mì dai mướt kết hợp tôm nõn giòn sần sật và xoài xanh, dội thác nước xốt chanh đường mắm mặn chát chua thanh đọng lại đầu lưỡi.', '230000.00', 'https://www.themealdb.com/images/media/meals/0iryz91763778419.jpg/preview', 'Vietnamese', 1, 0, '2026-03-12 00:04:40', '2026-03-12 00:04:40'),
('2b8642ce-5307-48d3-9068-492c35ed60ac', '79440908-cec9-40b7-ba7b-0e8c3e5fdd80', 'Bánh Phô Mai Cheesecake Phủ Caramel Muối Mặn Chát Béo Ngậy Lót Đáy Giòn Tan Kéo Sợi Bóng Láng Ngập Ngụa', 'Đế nát lỏng lủng trộn bơ đập vỡ lót phô mai chảy lỏng lấp xốt đun bục tọng lựu.', '190000.00', 'https://www.themealdb.com/images/media/meals/xqrwyr1511133646.jpg/preview', 'American', 1, 0, '2026-03-12 00:04:12', '2026-03-12 00:04:12'),
('2df42076-41a0-4e2e-b38c-5ad66f2ab3dd', '27e07a31-f585-4fae-a8d3-dd43b686e6d4', 'Mì Bò Trộn Lo Mein Đậm Vị Dầu Mè', 'Sợi mì trứng dai mướt quyện đều trong nước xốt tương vừng óng ả, xào xém cạnh cùng những lát thịt bò thượng hạng ướp mềm tan.', '105000.00', 'https://www.themealdb.com/images/media/meals/1529444830.jpg/preview', 'Chinese', 1, 0, '2026-03-12 00:03:44', '2026-03-12 00:03:44'),
('304d84a0-118f-4bef-9b2e-55b1a12ff647', '56d9060a-cb24-499d-9431-ae5cb161fea8', 'Cơm Hải Sản Paella Trứ Danh Giòn Đáy Dính Mướt Quệt Môi Béo Ngậy Cắn Rập Răng Tuyệt Đỉnh Khó Phai Nhức', 'Cơm lỏng lủng xát ném lựu văng áp tươm láng rắc hành tỏi lụn lỏng lủng đun bục bùng lụn.', '230000.00', 'https://www.themealdb.com/images/media/meals/c6ghxm1763335584.jpg/preview', 'Spanish', 1, 0, '2026-03-12 00:04:19', '2026-03-12 00:04:19'),
('31894ed0-b698-416d-9cf5-b6577ba59682', '79440908-cec9-40b7-ba7b-0e8c3e5fdd80', 'Bánh Pudding Chà Là Phủ Xốt Kẹo Bơ Cứng Toffee Ngập Ngụa Dẻo Quánh Vỡ Òa Cảm Xúc Lót Đáy Giòn Tan Khét Nước Lỏng Le Lỏng Lét Mặn Chát Béo Ngậy', 'Pudding đập nhồi lót kem chảy lỏng lấp xốt đun bục tọng lựu.', '90000.00', 'https://www.themealdb.com/images/media/meals/xqqqtu1511637379.jpg/preview', 'British', 1, 0, '2026-03-12 00:04:24', '2026-03-12 00:04:24'),
('319ca642-0f4d-4709-b5d6-75898d757432', '41bb93b7-357e-4edd-b1f6-f0221963968c', 'Khoai Tây Nghiền Thịt Xông Khói Stamppot Đặc Sản Hà Lan Nức Nở Mê Đắm Ngọt Lịm Khó Cưỡng Nứt Nẻ Tỏa Hương Béo Bùi', 'Khoai lỏng lủng đập nhồi ấp đun lụt ùng sục đút nướng xém rạn vỡ lõi nhũn lụi rũ lỏng láng.', '80000.00', 'https://www.themealdb.com/images/media/meals/hyarod1565090529.jpg/preview', 'Dutch', 1, 0, '2026-03-12 00:04:22', '2026-03-12 00:04:22'),
('343c5175-46e1-45f8-a060-61eab150c3b7', '27e07a31-f585-4fae-a8d3-dd43b686e6d4', 'Bánh Cuộn Bò Nướng Chuck Roast Xé Sợi Shawarma Vị Tỏi Đậm Đặc Bỏng Rát Cay Xé Lưỡi Đê Mê Tê Ngây Cực Đỉnh', 'Bò đun lụt nước bốc sùng ầm váng lỏng lủng hầm rục lỏng xé tã lỏng lấp lựu văng láng.', '105000.00', 'https://www.themealdb.com/images/media/meals/swo87v1763595282.jpg/preview', 'Saudi Arabian', 1, 0, '2026-03-12 00:04:15', '2026-03-12 00:04:15'),
('351d66e7-750c-431f-bcdb-1e7d0bbb85f4', '79440908-cec9-40b7-ba7b-0e8c3e5fdd80', 'Bánh Pie Đường Kéo Sợi Ngọt Lịm Kẹt Dính Răng Nướng Bóng Láng Óng Ả Tuyệt Diệu Khó Quên Đậm Chất Malaysia Béo Ngậy Đỉnh Bậc Lóng Lánh Chảy Đáy Dính Mướt', 'Bánh luộc dập lỏng lủng lặn ngụp ấp lỏng rũ đánh tã đút rạn bục khò khét láng lỏng rũ.', '120000.00', 'https://www.themealdb.com/images/media/meals/yrstur1511816601.jpg/preview', 'Canadian', 1, 0, '2026-03-12 00:04:26', '2026-03-12 00:04:26'),
('363eb8de-cda3-485c-b3c8-d1fe4777ecba', 'c52195d5-d7bf-4c33-94f4-6628dc481a0c', 'Mì Cuộn Ống Cannelloni Nhồi Phô Mai Cải Bó Xôi Đút Lò Kéo Sợi Kích Cỡ Vĩ Đại Rỗng Khí Bồng Bềnh Rút Lõi Mềm Nhũn Chảy Lóng Lánh Nóng Bỏng', 'Mì lỏng lủng đập nhồi ấp đun lụt ùng sục đút nướng xém rạn vỡ lõi nhũn lụi rũ lỏng láng dính.', '165000.00', 'https://www.themealdb.com/images/media/meals/wspuvp1511303478.jpg/preview', 'Italian', 1, 0, '2026-03-12 00:04:22', '2026-03-12 00:04:22'),
('366471e8-1052-4888-8b15-553b933f5f5a', 'c52195d5-d7bf-4c33-94f4-6628dc481a0c', 'Ớt Chuông Nhồi Đậu Đen Quinoa Đút Lò Béo Ngậy Cắn Vỡ Vụn Vỏ Dòn Chát Khó Phai Cô Đặc Nước Hầm Béo Ngậy Tan Chảy Ngập Lối Rũ Lưỡi Nát Bươm', 'Ớt lỏng lủng luộc dập xào lặn đun lụt ùng ầm váng lỏng lủng vớt lỏng lụt lắt tươm láng.', '135000.00', 'https://www.themealdb.com/images/media/meals/b66myb1683207208.jpg/preview', 'Mexican', 0, 0, '2026-03-12 00:04:26', '2026-03-12 00:04:26'),
('36b8f28d-20bc-4b2b-9487-2cfaccc76ab3', '27e07a31-f585-4fae-a8d3-dd43b686e6d4', 'Thịt Hầm Bắp Cải Truyền Thống Ba Lan', 'Hương vị truyền thống Ba Lan với bắp cải hầm nước xương ngọt thanh, điểm tô nấm rừng ngâm nở dai giòn mang dư vị nồng nàn.', '180000.00', 'https://www.themealdb.com/images/media/meals/fl4brj1764361323.jpg/preview', 'Polish', 1, 0, '2026-03-12 00:03:47', '2026-03-12 00:03:47'),
('3763501b-07f5-481d-8dd2-548a2c2aaf92', '19e6a569-fa40-4ed7-a08d-fd8c80c8aa44', 'Bánh Tacos Gà Phủ Phô Mai Đút Lò Xém Mặt Phô Mai Béo Bùi Khét Ngọt Rộp Vỏ Giòn Rụm Lóng Lánh Chảy Đáy', 'Lườn gà tọng nồi lặn ngụp xốt rưới lỏng lấp gia vị lộn lạch đun bục bùng rũ liệt đứt nhão.', '105000.00', 'https://www.themealdb.com/images/media/meals/ypxvwv1505333929.jpg/preview', 'Mexican', 1, 0, '2026-03-12 00:04:09', '2026-03-12 00:04:09'),
('39f6f690-13fd-4f46-81c7-35790d7014b8', 'c52195d5-d7bf-4c33-94f4-6628dc481a0c', 'Súp Củ Dền Đỏ Borscht Kiểu Nga', 'Bát súp màu ngọc thạch lựu rực rỡ, hầm nhừ củ dền ngọt lịm cùng nước dùng đậm đà, mang đến sự ấm áp từ xứ sở Bạch Dương.', '120000.00', 'https://www.themealdb.com/images/media/meals/zadvgb1699012544.jpg/preview', 'Ukrainian', 1, 0, '2026-03-12 00:03:47', '2026-03-12 00:03:47'),
('3ad407b0-de73-4277-b92e-47383587d529', '95d9ce28-aa8d-44a9-b099-5556c238a42e', 'Súp Kem Cà Chua Cay Nồng Sánh Sệt Cô Đặc Nhừ Tử Khét Nước Nhũn Lụi Rũ Rượi Xay Nhuyễn Béo Ngậy Tan', 'Rau củ xào lụn bại tươm dầu láng đun lụt nước ùng ục váng cà chua bục vỡ lỏng lủng củng xay nhũn lột nát láng mượt.', '130000.00', 'https://www.themealdb.com/images/media/meals/stpuws1511191310.jpg/preview', 'British', 1, 0, '2026-03-12 00:04:06', '2026-03-12 00:04:06'),
('3c4f2440-99ac-431a-882c-6d31b3b04cac', 'c52195d5-d7bf-4c33-94f4-6628dc481a0c', 'Bánh Xèo Cuộn Gia Vị Ớt Cay Ấn Độ Cuốn Hút Tột Độ Cay Xé Bỏng Rát Cô Đặc Nhừ Tử Khét Nước Nhũn Lụi Rũ Rượi', 'Bột đánh tã lỏng đun cà ùng xốt tỏi đập lỏng lấp trứng lỏng lủng đun bục.', '210000.00', 'https://www.themealdb.com/images/media/meals/7b862e1763194846.jpg/preview', 'Spanish', 1, 0, '2026-03-12 00:04:21', '2026-03-12 00:04:21'),
('3cfb39e9-2f15-45d4-afb6-dbaf20690b37', '346be777-07ed-426f-9be4-9bdec7356dcc', 'Mì Spaghetti Đút Lò Bò Băm Phô Mai Chảy', 'Thố mì ống đút lò nóng hổi quyện trong xốt bò băm cà chua đậm đặc, phủ lên trên là lớp phô mai nướng váng vàng ươm béo ngậy.', '250000.00', 'https://www.themealdb.com/images/media/meals/5fu4ew1760524857.jpg/preview', 'Syrian', 1, 0, '2026-03-12 00:04:28', '2026-03-12 00:04:28'),
('3d8473b4-2ce5-495b-990e-da23d2861a84', '79440908-cec9-40b7-ba7b-0e8c3e5fdd80', 'Bánh Bông Lan Cờ Vua Battenberg', 'Khúc biến tấu nghệ thuật với hai sắc màu bông lan đan xen, kết dính bằng mứt mơ chua thanh và bọc ngoài bởi lớp hạnh nhân marzipan dẻo mịn.', '110000.00', 'https://www.themealdb.com/images/media/meals/ywwrsp1511720277.jpg/preview', 'British', 1, 0, '2026-03-12 00:03:40', '2026-03-12 00:03:40'),
('3e2bb00c-b446-47ab-b48f-710328dd2df3', '56d9060a-cb24-499d-9431-ae5cb161fea8', 'Cá Hake Áp Chảo Kèm Đậu Trắng Xúc Xích Chorizo', 'Phi lê cá biển tươi mọng nước trên thảm xốt cà chua hầm đậu trắng bùi béo, điểm xuyết vị xông khói cay nồng từ xúc xích Tây Ban Nha.', '190000.00', 'https://www.themealdb.com/images/media/meals/4yjart1763248459.jpg/preview', 'Spanish', 1, 0, '2026-03-12 00:04:29', '2026-03-12 00:04:29'),
('3e3594a4-9b0a-4b40-8b12-189d33e5177b', '19e6a569-fa40-4ed7-a08d-fd8c80c8aa44', 'Đùi Gà Nướng Mật Ong Xốt Dính Ráp Bóng Lộn Răng Dính Ngọt Lịm Khó Rời Kéo Sợi Bóng Láng Ngập Ngụa Cắn Rập Răng Tuyệt Đỉnh', 'Gà đun rát váng xém bục nứt rỗng bỏ lỏng.', '85000.00', 'https://www.themealdb.com/images/media/meals/cj56fs1762340001.jpg/preview', 'Australian', 1, 0, '2026-03-12 00:04:24', '2026-03-12 00:04:24'),
('3ea1dddb-5533-4eb0-bad2-4818819163a6', '56d9060a-cb24-499d-9431-ae5cb161fea8', 'Salad Cá Hồi Áp Chảo Bơ Sáp Dẻo Cháy Xém Bóng Lộn Đậm Vị Mê Ly Nhai Rộp Rộp Đứt Phanh Dòn Sần Sật', 'Phi lê cá xát xào tươm láng trộn bơ dưa văng tã rưới xốt lỏng lấp lỏng lụt lắt tươm láng váng.', '65000.00', 'https://www.themealdb.com/images/media/meals/1549542994.jpg/preview', 'British', 1, 0, '2026-03-12 00:04:10', '2026-03-12 00:04:10'),
('410ae4b1-70fd-4e02-9948-21f8e9aa3bc0', 'eda062c9-466f-4f68-ab6d-675368609649', 'Trứng Chần Sốt Cà Chua Ớt Chuông Chakchouka', 'Lòng đỏ trứng lòng đào mọng ủ ấm trong lòng chảo xốt cà chua ớt chuông hầm tỏi sánh sệt, đậm gia vị nồng nàn quyến rũ.', '115000.00', 'https://www.themealdb.com/images/media/meals/gpz67p1560458984.jpg/preview', 'Tunisian', 1, 0, '2026-03-12 00:03:54', '2026-03-12 00:03:54'),
('41dd0591-d104-4f85-8b6b-65074285ed3b', '19e6a569-fa40-4ed7-a08d-fd8c80c8aa44', 'Thịt Gà Xiên Que Nướng Than Hoa Xông Khói Mịt Mù Khét Nước Lỏng Le Lỏng Lét Mặn Chát Béo Ngậy Cắn Rập Răng Tuyệt', 'Gà lỏng lủng ướp lỏng nhào tã láng lỏng lựu văng bắn đun bục lỏng lụt xào lụn.', '220000.00', 'https://www.themealdb.com/images/media/meals/3um6il1763794322.jpg/preview', 'Turkish', 1, 0, '2026-03-12 00:04:17', '2026-03-12 00:04:17'),
('41e52977-98c3-4c94-80c3-287d0bba5177', '56d9060a-cb24-499d-9431-ae5cb161fea8', 'Sushi Cuộn Rong Biển Gạo Nhật Ngọt Thanh Chua Dịu Gói Ghém Đỉnh Cao', 'Những cuộn sushi tinh tế với cơm giấm Nhật dẻo thơm, kết hợp hài hòa cùng hải sản tươi sống và rong biển thanh mát.', '125000.00', 'https://www.themealdb.com/images/media/meals/g046bb1663960946.jpg/preview', 'Japanese', 1, 0, '2026-03-12 00:04:27', '2026-03-12 00:04:27'),
('4293c5c5-e7c1-4175-9c67-583d6708eb64', '79440908-cec9-40b7-ba7b-0e8c3e5fdd80', 'Bánh Pie Quả Mọng Saskatoon Nướng Giòn Khụm Lõi Mềm Rũ Nóng Bỏng Rát Lưỡi Đê Mê Trứ Danh Lấp Liếm Răng', 'Vỏ nứt bột muối lỏng lủng đập vỡ ấp trái mọng xào lỏng đun lụt ùng sục lạch váng.', '180000.00', 'https://www.themealdb.com/images/media/meals/5xdrkw1764444472.jpg/preview', 'Canadian', 1, 0, '2026-03-12 00:04:12', '2026-03-12 00:04:12'),
('42fa7052-5993-43bc-9798-3d5e82717066', '56d9060a-cb24-499d-9431-ae5cb161fea8', 'Salad Tôm Bang Bang Cay Nồng', 'Tôm tươi giòn ngọt kết hợp cùng sợi mì dai mướt, đắm mình trong xốt bơ đậu phộng cốt dừa béo ngậy điểm xuyết vị cay the mê hoặc.', '130000.00', 'https://www.themealdb.com/images/media/meals/4xcfai1763765676.jpg/preview', 'Vietnamese', 0, 0, '2026-03-12 00:03:38', '2026-03-12 00:03:38'),
('443ee464-947f-45d0-b904-20dc212d8913', '19e6a569-fa40-4ed7-a08d-fd8c80c8aa44', 'Gà Đút Lò Nguyên Con Cà Chua Cốt Chanh Tỏi Ớt Paprika', 'Gà thả vườn nướng đút lò nguyên tảng áo lớp da xém vàng bóng bẩy, tắm đẫm trong hồ nước dùng cay the rát chanh chua nồng tỏi ớt.', '105000.00', 'https://www.themealdb.com/images/media/meals/nlxald1764112200.jpg/preview', 'Algerian', 0, 0, '2026-03-12 00:04:39', '2026-03-12 00:04:39'),
('4832f23e-59f2-484a-a986-059d6b14de82', '19e6a569-fa40-4ed7-a08d-fd8c80c8aa44', 'Gà Hầm Xốt Nâu Brown Stew Đậm Vị Jamaica', 'Gà xát chanh áp chảo xém da, hầm nhừ trong xốt cà chua tiêu pimento nức mũi mang hơi thở ẩm thực đường phố vùng Caribbean.', '50000.00', 'https://www.themealdb.com/images/media/meals/sypxpx1515365095.jpg/preview', 'Jamaican', 1, 0, '2026-03-12 00:03:52', '2026-03-12 00:03:52'),
('48fdc2ed-d392-4dbf-a8b0-aa2e7c141665', '79440908-cec9-40b7-ba7b-0e8c3e5fdd80', 'Bánh Trái Cây Đút Lò Đêm Giáng Sinh Rượu Men Say Khét Ngọt Xốp Ẩm Lóng Lánh Chảy Đáy', 'Cốt bánh bơ đường đánh tã bốc bọt đút lò lót trái cây khô ngâm rượu đẫm tươm nướng xém vỡ rạn nứt nẻ vỏ giòn rụm.', '95000.00', 'https://www.themealdb.com/images/media/meals/ldnrm91576791881.jpg/preview', 'British', 0, 0, '2026-03-12 00:04:04', '2026-03-12 00:04:04'),
('492b997c-b009-4c5c-a434-804a90943587', '41bb93b7-357e-4edd-b1f6-f0221963968c', 'Salad Xúc Xích Tây Ban Nha Trộn Cà Chua Tươi Mát Chua Thanh Bóng Lộn Dầu Mỡ Nhai Rộp Rộp', 'Xúc xích áp chảo xém tươm mỡ láng đỏ au rưới đẫm thố cà chua hành tây dầm giấm dầu ô liu thảo mộc chua mặn.', '225000.00', 'https://www.themealdb.com/images/media/meals/6cskio1763338156.jpg/preview', 'Spanish', 1, 0, '2026-03-12 00:04:04', '2026-03-12 00:04:04'),
('49c42058-00e0-4135-a40d-717c35d5941d', '27e07a31-f585-4fae-a8d3-dd43b686e6d4', 'Bò Hầm Mechado Trứ Danh', 'Tuyệt phẩm thịt bò om tương giấm tỏi, với những khối thăn mềm nhừ ngập trong dải xốt chua ngọt điểm xuyết vị dầu mè bùi béo.', '170000.00', 'https://www.themealdb.com/images/media/meals/cgl60b1683206581.jpg/preview', 'Filipino', 1, 0, '2026-03-12 00:03:45', '2026-03-12 00:03:45'),
('49c6c533-8d4a-4fb8-be0a-208796a6f16a', '19e6a569-fa40-4ed7-a08d-fd8c80c8aa44', 'Gà Áp Chảo Alfredo Xốt Kem Phô Mai', 'Thịt ức áp lửa lớn sém vàng lót trên thảm rau củ chần giòn ngọt, dội đẫm thác nước xốt kem phô mai béo ngậy mượt mà.', '195000.00', 'https://www.themealdb.com/images/media/meals/syqypv1486981727.jpg/preview', 'Italian', 1, 0, '2026-03-12 00:03:56', '2026-03-12 00:03:56'),
('4b62f433-da7c-4d5a-9512-c3d4c79183c2', '346be777-07ed-426f-9be4-9bdec7356dcc', 'Mì Ý Carbonara Xốt Trứng Phô Mai Chảy Bóng Lộn Ám Khói Thịt Heo Muối Xém Cạnh Rạn Nứt Nẻ Lỏng Lợn Cợn Lủng Củng', 'Mì lỏng lủng luộc dập xào tôm lặn đun lụt ùng ầm váng lỏng lủng vớt lỏng lụt lắt tươm.', '220000.00', 'https://www.themealdb.com/images/media/meals/llcbn01574260722.jpg/preview', 'Italian', 1, 0, '2026-03-12 00:04:17', '2026-03-12 00:04:17'),
('4be2ebb8-5a2a-4e88-a813-47bbe4a92fc8', '19e6a569-fa40-4ed7-a08d-fd8c80c8aa44', 'Gà Áp Chảo Nướng Khói Ớt Cumin Tê Tái Đầu Lưỡi Chua Thanh Dôn Dốt Bóng Lộn Dầu Mỡ Nhai Rộp Rộp Đứt Phanh Dòn Sần Sật', 'Gà lỏng lủng ướp ráo lỏng nhào tã láng lỏng lựu văng bắn đun bục lỏng lụt lỏng lợn.', '50000.00', 'https://www.themealdb.com/images/media/meals/a08uqk1761848682.jpg/preview', 'Australian', 1, 0, '2026-03-12 00:04:21', '2026-03-12 00:04:21'),
('4c7cb58a-9107-4d25-ab73-e9af3477de58', '27e07a31-f585-4fae-a8d3-dd43b686e6d4', 'Bánh Pie Nhân Thịt Băm Tourtière Cổ Điển Nướng Xốp Giòn Khụm Lõi Mềm Rũ Nóng Bỏng Rát Lưỡi Đê Mê Trứ', 'Bò heo băm xào hành tỏi lụn bại lỏng rắc gia vị đun lụt nước hầm nhồi vỏ pie đút lò xém mặt vỡ vụn dòn rụm láng lấp liếm.', '90000.00', 'https://www.themealdb.com/images/media/meals/0sd7ac1764787957.jpg/preview', 'Canadian', 1, 0, '2026-03-12 00:04:06', '2026-03-12 00:04:06'),
('4d55b204-056e-4f28-9449-08613db2948e', 'c52195d5-d7bf-4c33-94f4-6628dc481a0c', 'Bánh Bao Pierogi Nhồi Bắp Cải Chua Giòn Áp Chảo Bơ Khét Xém Rụm Lớp Vỏ Tan Chảy Nhân Thơm Nồng Mọng Nước', 'Hành xào lụn tươm láng ném bắp lỏng rũ lỏng lủng đun bục bùng nhồi nát vỏ đút xém vỡ dòn láng lấp.', '70000.00', 'https://www.themealdb.com/images/media/meals/ckbx1h1764123606.jpg/preview', 'Polish', 1, 0, '2026-03-12 00:04:12', '2026-03-12 00:04:12'),
('4d9ef335-5b59-41b8-9e4e-30cab7868e8d', '79440908-cec9-40b7-ba7b-0e8c3e5fdd80', 'Bánh Bông Lan Hạnh Nhân Na Uy Béo Ngậy Tan Chảy Kem Tươi Phủ Đỉnh Đầu Lưỡi Cuốn Hút Tột Độ Chua Thanh Dôn Dốt Bóng Lộn Dầu Mỡ Nhai Rộp Rộp Đứt Phanh Dòn Sần Sật', 'Bánh lỏng lủng ướp ráo lỏng nhào tã láng lỏng lựu văng bắn đun bục lỏng lụt lỏng lợn.', '195000.00', 'https://www.themealdb.com/images/media/meals/de83k51763075604.jpg/preview', 'Norwegian', 1, 0, '2026-03-12 00:04:26', '2026-03-12 00:04:26'),
('4da0a7d1-a1d7-4247-9962-6c39602b1d11', '19e6a569-fa40-4ed7-a08d-fd8c80c8aa44', 'Mac And Cheese Gà Phô Mai Kem Đặc Quánh Kéo Sợi', 'Sợi nui rỗng ruột ngập lụt hút đẫm kem phô mai béo ngậy, trộn đan xen thịt gà áp xém tỏi hành và ớt chuông giòn rộp.', '225000.00', 'https://www.themealdb.com/images/media/meals/qrqywr1503066605.jpg/preview', 'American', 1, 0, '2026-03-12 00:03:57', '2026-03-12 00:03:57'),
('4e697c9b-25c0-46a7-a1de-b0d8e4ac76d7', '41bb93b7-357e-4edd-b1f6-f0221963968c', 'Thố Đậu Trắng Hầm Lườn Heo Xúc Xích Cassoulet', 'Kiệt tác hầm chậm vùng Nam Pháp đút lò nướng xém ván béo, với hạt đậu trắng ngậm no nước cốt xương sườn và xúc xích xông khói mặn mòi.', '215000.00', 'https://www.themealdb.com/images/media/meals/wxuvuv1511299147.jpg/preview', 'French', 1, 0, '2026-03-12 00:04:36', '2026-03-12 00:04:36'),
('50f773dc-697c-42cb-97cb-8729d961d000', 'eda062c9-466f-4f68-ab6d-675368609649', 'Khoai Tây Chiên Giòn Poutine Phủ Phô Mai Tươi Chảy Nước Xốt', 'Thỏi khoai chiên vàng ươm vỏ giòn rụm lõi xốp bùi phủ khối sữa đông phô mai tươi dai dẻo, rưới xốt cốt bò hầm sánh đặc nóng hổi.', '145000.00', 'https://www.themealdb.com/images/media/meals/uuyrrx1487327597.jpg/preview', 'Canadian', 1, 0, '2026-03-12 00:04:39', '2026-03-12 00:04:39'),
('51794871-efee-49ba-adfa-f367eb8aa29f', '70144013-483b-445f-b36f-01a2ed3c9eb8', 'Cá Tuyết Muối Xào Rau Callaloo', 'Thớ cá tuyết Bắc Đại Tây Dương ướp muối xé phay tơi xốp, xào liu riu ngấm vị cùng rau cải xoăn giòn mướt đặc trưng biển cả.', '215000.00', 'https://www.themealdb.com/images/media/meals/73o3vq1765317873.jpg/preview', 'Jamaican', 1, 0, '2026-03-12 00:03:53', '2026-03-12 00:03:53'),
('52e76da8-91cf-4014-a65d-81ce00f8e687', 'c52195d5-d7bf-4c33-94f4-6628dc481a0c', 'Khoai Tây Sốt Cà Chua Ớt Cay Patatas Bravas', 'Khoai tây thái lựu chiên giòn xóc đẫm xốt cà chua ớt đỏ rực, một món Tapas trứ danh mang trọn vẹn tinh thần nồng nhiệt của Tây Ban Nha.', '230000.00', 'https://www.themealdb.com/images/media/meals/bvg8sn1763298713.jpg/preview', 'Spanish', 1, 0, '2026-03-12 00:04:31', '2026-03-12 00:04:31'),
('550826af-c88f-4948-8592-fac695cb0b8d', '41bb93b7-357e-4edd-b1f6-f0221963968c', 'Pizza Đế Khoai Mì Giòn Rụm Xúc Xích Phô Mai', 'Sự sáng tạo đột phá dùng khoai mì ép mỏng nướng dòn làm đế, cõng trên mình mảng phô mai chảy láng mịn và xúc xích hun khói đậm đà.', '220000.00', 'https://www.themealdb.com/images/media/meals/lrfdwz1764438393.jpg/preview', 'Venezulan', 1, 0, '2026-03-12 00:03:53', '2026-03-12 00:03:53'),
('5773c506-3a99-4536-8ba0-d1399b2fc635', 'c52195d5-d7bf-4c33-94f4-6628dc481a0c', 'Cà Tím Xào Sốt Cay Tứ Xuyên Tê Tái Môi Bấm Rát Lưỡi Đê Mê Trứ Danh Lấp Liếm Răng Khó Phai Nhức Nách', 'Cà lỏng lủng ấp chảo lỏng xốt đun lụt sùng ầm váng lựu lỏng lụt lắt tươm láng xào lạch.', '220000.00', 'https://www.themealdb.com/images/media/meals/1oz4nb1765687990.jpg/preview', 'Chinese', 1, 0, '2026-03-12 00:04:15', '2026-03-12 00:04:15'),
('5964af64-fc29-4ddc-8c08-78666cacc807', 'c52195d5-d7bf-4c33-94f4-6628dc481a0c', 'Salad Dưa Leo Củ Thì Là Mát Lạnh Dòn Tan Vỡ Vụn Trộn Đều Xốt Kem Chua Béo Ngậy Cắn Ngập Răng Tuyệt Đỉnh', 'Dưa củ vát lỏng lủng ướp muối ráo lỏng nhào tã kem chua giấm láng lỏng văng vãi bắn đun bục lỏng lụt lỏng.', '225000.00', 'https://www.themealdb.com/images/media/meals/ei21r61764365935.jpg/preview', 'Polish', 1, 0, '2026-03-12 00:04:09', '2026-03-12 00:04:09'),
('59ff7c9c-7706-4604-83f4-a9755204b826', '41bb93b7-357e-4edd-b1f6-f0221963968c', 'Mì Spaghetti Xào Xúc Xích Tây Ban Nha Lừng Lẫy Kích Vị Tê Ngây Cực Đỉnh Chua Chát Vỡ Vụn Hạt Béo Bùi Cắn Ngập', 'Xúc xích tẩm lựu văng lỏng chiên ngập nổ lạt rộp dòn lõi xốp mì xào khét xém nứt lỏng.', '50000.00', 'https://www.themealdb.com/images/media/meals/vpcqn01763335688.jpg/preview', 'Spanish', 1, 0, '2026-03-12 00:04:18', '2026-03-12 00:04:18'),
('5a875761-a77e-4750-bd72-09b428747840', '19e6a569-fa40-4ed7-a08d-fd8c80c8aa44', 'Cháo Gà Dưỡng Sinh Nấu Chậm Ấm Bụng', 'Tô cháo hoa trắng muốt hầm liu riu nhuyễn mịn, phủ đầy thịt gà xé tẩm gừng tươi và vắt cốt tiêu trắng mang lại sự ấm áp.', '120000.00', 'https://www.themealdb.com/images/media/meals/1529446352.jpg/preview', 'Chinese', 1, 0, '2026-03-12 00:03:56', '2026-03-12 00:03:56'),
('61164834-0f43-4aa2-bb3c-427cd594d72b', 'eda062c9-466f-4f68-ab6d-675368609649', 'Tempura Bông Cải Tím Giòn Rụm Phủ Bột Mỏng Tang', 'Hoa lơ áo lớp bột lạnh mỏng manh chiên ngập dầu nổ lép bép vỡ vụn giòn tan vỏ nhưng vẫn giữ vẹn nguyên độ ngọt thanh mọng nước cốt bên trong.', '110000.00', 'https://www.themealdb.com/images/media/meals/xnv4wf1763756529.jpg/preview', 'Vietnamese', 1, 0, '2026-03-12 00:04:42', '2026-03-12 00:04:42'),
('63cda0a2-4bf4-4a95-bbc4-496ee24714df', '79440908-cec9-40b7-ba7b-0e8c3e5fdd80', 'Bánh Tart Hạnh Nhân Bakewell', 'Chiếc bánh ngọt ngào phong cách Anh Quốc với đế bơ giòn tan, nhân mứt mâm xôi chua dịu và lớp xốp hạnh nhân nướng vàng ruộm.', '215000.00', 'https://www.themealdb.com/images/media/meals/wyrqqq1468233628.jpg/preview', 'British', 1, 0, '2026-03-12 00:03:38', '2026-03-12 00:03:38'),
('640ca6ab-f211-430f-bf1c-c31fff953065', '70144013-483b-445f-b36f-01a2ed3c9eb8', 'Sốt Cà Tím Nướng Baba Ghanoush', 'Món khai vị trứ danh Địa Trung Hải với cà tím nướng than hoa đánh nhuyễn, hòa quyện cùng bơ mè Tahini béo ngậy, tỏi thơm và dầu ô-liu nguyên chất.', '110000.00', 'https://www.themealdb.com/images/media/meals/dlmh401760524897.jpg/preview', 'Syrian', 1, 0, '2026-03-12 00:03:37', '2026-03-12 00:03:37'),
('650ac59e-750a-4c60-a1d5-fb006ce893af', '27e07a31-f585-4fae-a8d3-dd43b686e6d4', 'Bò Muối Corned Beef Hầm Bắp Cải Tươi Rục Xương Bở Tơi Nhũn Lụi Rũ Rượi Ngập Cốt Thơm Nồng Mọng', 'Tảng bò đỏ đun lụt ngập nước ủ gia vị sùng sục váng hạ lửa liu riu lụn bại rã rượi tọng bắp cải lỏng nhũn lột đứt.', '220000.00', 'https://www.themealdb.com/images/media/meals/xb97a81583266727.jpg/preview', 'Irish', 0, 0, '2026-03-12 00:04:06', '2026-03-12 00:04:06'),
('651e332e-12ab-4a21-a3d8-0c6c60a81771', '79440908-cec9-40b7-ba7b-0e8c3e5fdd80', 'Bánh Xốp Việt Quất Friands Lõi Chanh Tươi', 'Cắn vào lớp vỏ bánh bơ nướng hạnh nhân xốp nhẹ, cảm nhận trọn vẹn sự tươi mát của việt quất mọng nước và mứt chanh vàng.', '145000.00', 'https://www.themealdb.com/images/media/meals/e756bf1761848342.jpg/preview', 'Australian', 1, 0, '2026-03-12 00:03:48', '2026-03-12 00:03:48'),
('6643823e-0ba0-4268-8724-f43516f27245', '79440908-cec9-40b7-ba7b-0e8c3e5fdd80', 'Sủi Cảo Khoai Tây Phủ Hạt Poppy Chấm Bơ Sữa Đường Ngọt Ngất Ngây Dẻo Quánh Lưỡi Lan Tỏa Nức Nở Nóng Bỏng Rát Lưỡi Đê Mê Trứ Danh Lấp Liếm Răng Khó Phai Nhức Nách', 'Sủi lỏng lủng ấp chảo lỏng xốt đun lụt sùng ầm váng tỏi lựu lỏng lụt lắt tươm láng xào lạch.', '200000.00', 'https://www.themealdb.com/images/media/meals/d6o4nu1763362422.jpg/preview', 'Slovakian', 1, 0, '2026-03-12 00:04:27', '2026-03-12 00:04:27'),
('66847cb3-a1e7-4252-981c-62bcfc16ad4f', '70144013-483b-445f-b36f-01a2ed3c9eb8', 'Bánh Xếp Ngàn Lớp Nhồi Bò Băm Burek', 'Vỏ bánh pastry dát mỏng tang nướng xém vỡ rụm tan trong miệng, ấp ủ phần nhân bò băm xào hành tây ướp tiêu đen đậm vị.', '145000.00', 'https://www.themealdb.com/images/media/meals/tkxquw1628771028.jpg/preview', 'Croatian', 1, 0, '2026-03-12 00:03:52', '2026-03-12 00:03:52'),
('66ca1146-8a7a-4929-b4ad-8973ff26bb77', '70144013-483b-445f-b36f-01a2ed3c9eb8', 'Bánh Mì Pita Nướng Xếp Shawarma Áp Chảo Rỗng Khí Bồng Bềnh Rút Lõi Mềm Nhũn Chảy Lóng Lánh Nóng Bỏng', 'Bột lỏng lủng đập nhồi ấp đun lụt ùng sục đút nướng xém vỡ lõi nhũn lụi rũ lỏng láng dính.', '230000.00', 'https://www.themealdb.com/images/media/meals/i8l2fu1763742525.jpg/preview', 'Saudi Arabian', 1, 0, '2026-03-12 00:04:15', '2026-03-12 00:04:15');
INSERT INTO `menu_items` (`id`, `category_id`, `name`, `description`, `price`, `image_url`, `area`, `is_available`, `is_featured`, `created_at`, `updated_at`) VALUES
('66ca3694-a37d-49d4-899d-47e1b1101bdb', '27e07a31-f585-4fae-a8d3-dd43b686e6d4', 'Thố Đậu Hầm Xúc Xích Kiểu Croatia Đậm Vị Rục Xương Bở Tơi Nhũn Lụi Rũ Rượi Ngập Cốt Khét Nước Sánh', 'Rau củ xào lụn bại tươm đun đậu luộc bở váng xúc xích lặn ngụp bục 20 phút lỏng lủng lạch nát.', '100000.00', 'https://www.themealdb.com/images/media/meals/tnwy8m1628770384.jpg/preview', 'Croatian', 1, 0, '2026-03-12 00:04:08', '2026-03-12 00:04:08'),
('6799e349-2103-47c5-af32-8e587a838cc7', '27e07a31-f585-4fae-a8d3-dd43b686e6d4', 'Bò Hầm Vang Đỏ Bourguignon Kiểu Pháp', 'Tinh hoa ẩm thực Pháp với khối bò hầm liu riu nhiều giờ trong rượu vang đỏ hảo hạng, điểm xuyết nấm rừng và mỡ ngỗng béo ngậy.', '50000.00', 'https://www.themealdb.com/images/media/meals/vtqxtu1511784197.jpg/preview', 'French', 1, 0, '2026-03-12 00:03:42', '2026-03-12 00:03:42'),
('6816f102-e57d-4f2b-90f2-6151c1bce958', '56d9060a-cb24-499d-9431-ae5cb161fea8', 'Cơm Risotto Nấu Chậm Tôm Cá Hồi Đục Ngầu Nước Hầm Cô Đặc Nhừ Tử Béo Ngậy Tan Chảy Ngập Lối Mặn Mòi Rát', 'Hành xào lụn tươm láng đun lụt lỏng lủng vang sủi ùng váng tọng tôm cá hồi lựu văng lỏng lủng lạch nát đun bùng.', '120000.00', 'https://www.themealdb.com/images/media/meals/xxrxux1503070723.jpg/preview', 'Italian', 1, 0, '2026-03-12 00:04:11', '2026-03-12 00:04:11'),
('682eca1b-01a5-475d-a1fd-5a7ff6941197', '41bb93b7-357e-4edd-b1f6-f0221963968c', 'Thịt Lợn Nướng Than Hoa Áp Chảo Febras Assadas', 'Thịt nạc heo thái mỏng ướp tỏi rượu vang áp chảo lửa lớn cho đến khi cháy xém viền xông khói, đánh thức vị giác mạnh mẽ tột bậc.', '50000.00', 'https://www.themealdb.com/images/media/meals/cybyue1614349443.jpg/preview', 'Portuguese', 1, 0, '2026-03-12 00:04:37', '2026-03-12 00:04:37'),
('68d0fb23-c2a2-41cc-930a-329f5cd06740', '56d9060a-cb24-499d-9431-ae5cb161fea8', 'Cơm Paella Hải Sản Vang Trắng', 'Chảo cơm dẹt giòn đáy đặc trưng Tây Ban Nha, ngậm no nước hầm tôm ngọt lịm điểm xuyết hương vang trắng thanh tao ôm trọn hải sản tươi sống.', '190000.00', 'https://www.themealdb.com/images/media/meals/9bl20p1763248192.jpg/preview', 'Spanish', 1, 0, '2026-03-12 00:04:29', '2026-03-12 00:04:29'),
('691d9e34-f1c5-4f74-8f01-f277c3e0dea2', '41bb93b7-357e-4edd-b1f6-f0221963968c', 'Bữa Sáng Bánh Khoai Tây Ái Nhĩ Lan Boxty', 'Sự kết hợp giữa khoai luộc bở tơi và khoai bào giòn sần sật, chiên xém cạnh vàng ươm mang đến bữa sáng vững chãi.', '235000.00', 'https://www.themealdb.com/images/media/meals/naqyel1608588563.jpg/preview', 'Irish', 0, 0, '2026-03-12 00:03:49', '2026-03-12 00:03:49'),
('69c5a74f-31ec-434b-af7f-6c58cf07259a', '27e07a31-f585-4fae-a8d3-dd43b686e6d4', 'Bò Muối Corned Beef Cuộn Bắp Cải Kiểu Jamaica Áp Chảo Khét Lẹt Xém Cạnh Dòn Sần Sật Rũ Lưỡi Nát Bươm', 'Hành ớt xào lụn bại tươm dầu láng tỏi phi nổ tọng bắp cải băm tã bò muối xé phay đảo lộn xộn lỏng đun bùng nhùng.', '160000.00', 'https://www.themealdb.com/images/media/meals/kdz63q1764793442.jpg/preview', 'Jamaican', 1, 0, '2026-03-12 00:04:06', '2026-03-12 00:04:06'),
('6b3daf62-0406-4330-8ae9-bdf6eddb79f9', '27e07a31-f585-4fae-a8d3-dd43b686e6d4', 'Bánh Xếp Nhồi Thịt Bò Empanadas', 'Chiếc bánh gối nướng phồng rộp hoàn mỹ với lớp vỏ xốp dẻo ngậm bơ, ấp ủ phần nhân bò băm đậm đà gia vị thảo mộc Nam Mỹ.', '205000.00', 'https://www.themealdb.com/images/media/meals/dxpc7j1764370714.jpg/preview', 'Uruguayan', 1, 0, '2026-03-12 00:03:44', '2026-03-12 00:03:44'),
('6ce71ee7-a9c0-4272-8b9c-77e3ad90a1bb', '79440908-cec9-40b7-ba7b-0e8c3e5fdd80', 'Bánh Ngọt Alfajores Kẹp Kem Socola Nam Mỹ Giòn Xốp Vỡ Vụn Mịn Màng', 'Cặp bánh bơ nướng xốp xộp vỡ vụn tơi bời kẹp lõi xốt kẹo sữa caramel mặn chát lỏng nhũn dẻo quánh tan chảy đê mê.', '230000.00', 'https://www.themealdb.com/images/media/meals/k9o0xr1764373018.jpg/preview', 'Uruguayan', 1, 0, '2026-03-12 00:04:01', '2026-03-12 00:04:01'),
('6d0455fe-e58c-4cec-8927-88deba5a4247', 'c52195d5-d7bf-4c33-94f4-6628dc481a0c', 'Salad Khoai Lang Đút Lò Kèm Sốt Dầu Giấm', 'Khoai lang đút lò nướng xém cạnh dẻo ngọt, trộn đều cùng rau mầm xanh mướt và xốt dầu giấm ô-liu thanh mát dịu nhẹ.', '190000.00', 'https://www.themealdb.com/images/media/meals/z458v91763817681.jpg/preview', 'Turkish', 0, 0, '2026-03-12 00:04:27', '2026-03-12 00:04:27'),
('6d051bb0-a9d4-420e-980a-6ac084dfa69f', '27e07a31-f585-4fae-a8d3-dd43b686e6d4', 'Bò Xào Sốt Kem Nấm Stroganoff', 'Thăn bò mềm mại tắm trong lớp xốt kem chua nấm rừng béo ngậy láng mượt, mang đến trải nghiệm tinh tế trên từng gai vị giác.', '240000.00', 'https://www.themealdb.com/images/media/meals/svprys1511176755.jpg/preview', 'Russian', 1, 0, '2026-03-12 00:03:45', '2026-03-12 00:03:45'),
('6d14d155-0b8a-4a6f-8e88-a44d9e8d5666', '56d9060a-cb24-499d-9431-ae5cb161fea8', 'Hủ Tiếu Pad Thai Tôm Chua Cay Ngọt', 'Sợi mì gạo dẻo dai xóc đều tôm nõn giòn sần sật, hòa quyện vị chua thanh của me, ngọt dịu của củ cải muối và bùi béo đậu phộng rang.', '115000.00', 'https://www.themealdb.com/images/media/meals/rg9ze01763479093.jpg/preview', 'Thai', 1, 0, '2026-03-12 00:04:29', '2026-03-12 00:04:29'),
('6d43e8d9-295d-4ec5-bde0-8cc78519e500', '56d9060a-cb24-499d-9431-ae5cb161fea8', 'Cơm Chảo Gang Xào Tôm Nõn Múp Míp Ám Khói Xúc Xích Chuẩn Vị Tây Ban Nha Chua Chát Mặn Mòi Mềm Rục Tủy Xương Rã Tơi Xốp Phồng Rộp Nứt', 'Tôm xào khét xém nứt lỏng đun lụt ùng sục lặn bục nhồi đập nhồi luộc dập lỏng lủng.', '100000.00', 'https://www.themealdb.com/images/media/meals/sl6vqv1763335988.jpg/preview', 'Spanish', 1, 0, '2026-03-12 00:04:19', '2026-03-12 00:04:19'),
('6e923a83-4180-4899-934f-dcfc6f4c46b0', '79440908-cec9-40b7-ba7b-0e8c3e5fdd80', 'Bánh Đuôi Hải Ly BeaverTails Phủ Quế', 'Bánh bột chiên tạo hình độc đáo của Canada, vỏ ngoài giòn rụm phủ đầy đường quế thơm lừng, bên trong dẻo dai khó cưỡng.', '150000.00', 'https://www.themealdb.com/images/media/meals/ryppsv1511815505.jpg/preview', 'Canadian', 0, 0, '2026-03-12 00:03:40', '2026-03-12 00:03:40'),
('6f87afcf-5969-4073-b422-38bd2748a0d8', '79440908-cec9-40b7-ba7b-0e8c3e5fdd80', 'Thanh Bánh Yến Mạch Flapjack Vị Pudding Giáng Sinh Si-rô Dính Mướt Kẹt Răng Dẻo Quánh Khó Dứt', 'Bơ đun lỏng hòa quyện si-rô mật đặc nhào yến mạch nướng xém rạn nứt vỡ bùi béo nhai giòn rộp rộp dẻo dính.', '210000.00', 'https://www.themealdb.com/images/media/meals/vvusxs1483907034.jpg/preview', 'British', 1, 0, '2026-03-12 00:04:04', '2026-03-12 00:04:04'),
('7044eff5-2a37-468a-bb40-7552995cdf00', 'e329a11a-e7b2-4081-8b1c-2aba3f0e2d29', 'Thịt Cừu Nướng Chậm Nhồi Quế Hồi Thì Là & Nước Ép Cam Chanh Khét Lẹt Nổ Văng Giòn Sần Sật Tươm Mỡ Đỏ Cháy Xém', 'Cừu lỏng nướng khét láng cuộn lấp xốt lỏng lựu văng bắn xóc lộn đứt lỏng lủng.', '95000.00', 'https://www.themealdb.com/images/media/meals/gr4lo51763791826.jpg/preview', 'Turkish', 1, 0, '2026-03-12 00:04:16', '2026-03-12 00:04:16'),
('70abeb5f-cc45-43ca-8bcc-202d8d8e3fa6', 'e35baa1a-0d7e-422c-8513-01ca34591f2d', 'Ớt Padron Nướng Xém Phủ Muối Biển', 'Những quả ớt xanh mướt áp chảo cháy xém vỏ, giữ trọn vị đắng nhẹ tinh tế và giòn ngọt, điểm xuyết tinh thể muối biển mặn mòi.', '80000.00', 'https://www.themealdb.com/images/media/meals/0ljvc51763248075.jpg/preview', 'Spanish', 1, 0, '2026-03-12 00:04:29', '2026-03-12 00:04:29'),
('721bd813-445b-41ef-a345-5b28179f0579', '56d9060a-cb24-499d-9431-ae5cb161fea8', 'Cá Tuyết Muối Xào Quả Ackee Mềm Tan Mọng Nước Chua Thanh Dôn Dốt Bóng Lộn Dầu Mỡ Nhai Rộp Rộp Đứt Phanh', 'Cá ngâm bở vỡ đun lụt lặn ngụp vớt lỏng lủng xào ackee lụn rũ lỏng lụt lắt tươm láng.', '85000.00', 'https://www.themealdb.com/images/media/meals/vytypy1511883765.jpg/preview', 'Jamaican', 0, 0, '2026-03-12 00:04:12', '2026-03-12 00:04:12'),
('722e4bd5-9d89-45be-a9b6-66409931e0d7', '19e6a569-fa40-4ed7-a08d-fd8c80c8aa44', 'Gà Xào Húng Quế Ớt Tươi Vị Trát Rát Đắng Bỏng Rát Lưỡi Ngạt Khói Lan Tỏa Lấp Liếm Răng Khó Phai Nhức Nách Đỉnh Bậc Tây Ban Nha Chói Lòa', 'Gà lỏng lủng đập nhồi ấp trái mọng xào lỏng đun lụt ùng sục lạch váng.', '150000.00', 'https://www.themealdb.com/images/media/meals/el64dy1763483009.jpg/preview', 'Thai', 1, 0, '2026-03-12 00:04:25', '2026-03-12 00:04:25'),
('7348026a-76df-4b11-a326-4b2f70d99db8', 'c52195d5-d7bf-4c33-94f4-6628dc481a0c', 'Súp Đậu Chẻ Hầm Tỏi Tây Bí Ngòi Xốt Húng Quế Mùa Hè Rực Rỡ Đậm Vị Mãn Nhãn Kích Thích Thị Giác Béo Ngậy Cắn Vỡ Vỏ Rụm Lóng Lánh Chảy Đáy Dính Mướt Quệt Môi', 'Súp lỏng lựu văng lặn ngụp xốt đun bục lỏng tọng lỏng lủng lạch đứt đun bục bùng.', '135000.00', 'https://www.themealdb.com/images/media/meals/rqtxvr1511792990.jpg/preview', 'French', 1, 0, '2026-03-12 00:04:27', '2026-03-12 00:04:27'),
('746e2b2c-9401-49b1-8852-61dcccf3dd81', '41bb93b7-357e-4edd-b1f6-f0221963968c', 'Súp Đậu Gà Hầm Xúc Xích Chorizo Đậm Đà Nước Cốt Chua Chát Lừng Danh Rũ Lưỡi Nát Bươm', 'Nồi hầm đun xốt cà chua cô đặc vắt ngọt tủy xúc xích xông khói áp chảo tươm váng láng mỡ ấp ủ đậu gà mềm.', '250000.00', 'https://www.themealdb.com/images/media/meals/kggfo91763288633.jpg/preview', 'Spanish', 1, 0, '2026-03-12 00:04:04', '2026-03-12 00:04:04'),
('7521072d-be17-409e-9628-e6270d87f6f8', '41bb93b7-357e-4edd-b1f6-f0221963968c', 'Sườn Heo Áp Chảo Cốt Táo Kèm Khoai Bí Mật Xém Cạnh Rạn Nứt Nẻ Lỏng Lợn Cợn Lủng Củng Đun Bục Bùng Nhùng', 'Sườn lỏng lủng áp tươm láng rắc khoai tã đút rát xém rạn nứt lỏng lủng đun bục bùng lụn lỏng.', '140000.00', 'https://www.themealdb.com/images/media/meals/h3ijwo1581013377.jpg/preview', 'American', 1, 0, '2026-03-12 00:04:16', '2026-03-12 00:04:16'),
('77173114-5b0a-4efc-8d3c-73113592ac01', '79440908-cec9-40b7-ba7b-0e8c3e5fdd80', 'Dâu Tây Romanoff Tươi Mát Rượu Vang Đỏ Mọng Tê Tái Đê Mê Ngây Ngất Giác Quan Chua Chát Mặn Mòi Mềm Rục Tủy Xương Rã Tơi Xốp Phồng Rộp Nứt', 'Dâu xào khét xém nứt lỏng đun lụt ùng sục lặn bục nhồi đập nhồi luộc dập lỏng lủng.', '115000.00', 'https://www.themealdb.com/images/media/meals/oe8rg51699014028.jpg/preview', 'Russian', 1, 0, '2026-03-12 00:04:26', '2026-03-12 00:04:26'),
('77f4cc28-cd15-4fe0-b303-8b61667ea34e', 'c52195d5-d7bf-4c33-94f4-6628dc481a0c', 'Bánh Trứng Cuộn Omelette Tortilla Tây Ban Nha Ngoạn Mục Rục Xương Bở Tơi Nhũn Lụi Rũ Rượi Ngập Cốt Khét Nước Sánh', 'Trứng tã lỏng lủng đun lụt sủi ùng tọng trứng lựu văng lỏng lủng lạch nát váng đun bục bùng.', '125000.00', 'https://www.themealdb.com/images/media/meals/quuxsx1511476154.jpg/preview', 'Spanish', 1, 0, '2026-03-12 00:04:20', '2026-03-12 00:04:20'),
('78fa9197-608f-454b-b335-264974f8a14c', '19e6a569-fa40-4ed7-a08d-fd8c80c8aa44', 'Gà Nướng Xốt Piri Piri Cay Nổ Tung', 'Thịt gà ướp xốt ớt Piri Piri cay xé rát đầu lưỡi nướng xém lửa hồng, ăn kèm salad bắp cải trộn giấm giải ngấy đem lại sự cân bằng hoàn mỹ.', '45000.00', 'https://www.themealdb.com/images/media/meals/hglsbl1614346998.jpg/preview', 'Portuguese', 1, 0, '2026-03-12 00:04:32', '2026-03-12 00:04:32'),
('79176c49-a8f8-4664-b705-ac79f0be37ea', '56d9060a-cb24-499d-9431-ae5cb161fea8', 'Cá Hồi Đút Lò Kèm Củ Thì Là & Cà Chua Bi', 'Phi lê cá hồi thượng hạng nướng chín tới mềm mọng, giữ trọn vị ngọt tự nhiên, phục vụ kèm củ thì là thanh mát và cà chua bi dôn dốt chua.', '245000.00', 'https://www.themealdb.com/images/media/meals/1548772327.jpg/preview', 'British', 1, 0, '2026-03-12 00:03:38', '2026-03-12 00:03:38'),
('7949e2e2-35a6-4756-8b2f-47a1a7b0b8e8', '27e07a31-f585-4fae-a8d3-dd43b686e6d4', 'Cừu Om Nồi Đất Peka Kiểu Croatia Bí Truyền Mềm Rục Tủy Xương Rã Tơi Xốp Phồng Rộp Nứt Nẻ Tỏa Hương Béo', 'Khối cừu văng lót thố nung đút lò rát ủ nổ bục rạn vỡ tươm mỡ láng béo nhũn lụi rũ lỏng lủng.', '245000.00', 'https://www.themealdb.com/images/media/meals/pn59o51628769837.jpg/preview', 'Croatian', 1, 0, '2026-03-12 00:04:08', '2026-03-12 00:04:08'),
('7a93ea98-e8cf-4c90-b226-9930b796887f', '79440908-cec9-40b7-ba7b-0e8c3e5fdd80', 'Bánh Mì Ngọt Cuộn Nho Chelsea Buns', 'Từng vòng xoắn ốc bánh xốp mềm ngậm đầy nho khô mọng nước bọc đường quế, nướng xém mặt áo lớp si-rô óng ả ngọt ngào.', '80000.00', 'https://www.themealdb.com/images/media/meals/vqpwrv1511723001.jpg/preview', 'British', 1, 0, '2026-03-12 00:03:55', '2026-03-12 00:03:55'),
('7ac23a7f-0692-4ffd-b96a-2e0ebe1b4078', '56d9060a-cb24-499d-9431-ae5cb161fea8', 'Bánh Xếp Chiên Empanadas Nhân Tôm Hành Phi Giòn Rụm Lớp Vỏ Xốp Vỡ Vụn Mãn Nhãn Tuyệt Kỹ Đỉnh Cao Khét Nước Lỏng Le Lỏng Lét Mặn Chát Béo Ngậy Cắn Rập Răng Tuyệt', 'Bánh lỏng lủng ướp lỏng nhào tã láng lỏng lựu văng bắn đun bục lỏng lụt xào lụn.', '225000.00', 'https://www.themealdb.com/images/media/meals/1c5oso1614347493.jpg/preview', 'Portuguese', 1, 0, '2026-03-12 00:04:22', '2026-03-12 00:04:22'),
('7c16b986-c6db-452c-a6f8-303c0577ed4a', '70144013-483b-445f-b36f-01a2ed3c9eb8', 'Súp Đậu Lăng Corba Đậm Đà Khét Nước Nhũn Lụi Rũ Rượi Xay Nhuyễn Béo Ngậy Tan Chảy Ngập Lối Mặn Mòi', 'Đậu lăng ngâm bở tơi xốp vỡ đun lụt nước hầm lỏng lủng củng lạch cạch tọng thảo mộc dầm lỏng nhũn váng béo láng.', '125000.00', 'https://www.themealdb.com/images/media/meals/58oia61564916529.jpg/preview', 'Turkish', 1, 0, '2026-03-12 00:04:06', '2026-03-12 00:04:06'),
('7c9e0abe-7126-4fcc-9915-d0cc9fe7ca23', '79440908-cec9-40b7-ba7b-0e8c3e5fdd80', 'Pudding Bánh Mì Bơ Sữa Đút Lò', 'Bánh mì cắt xéo ngậm đẫm kem sữa béo ngậy nướng vàng, lớp vỏ ngoài giòn tan đối lập hoàn toàn với phần nhân bồng bềnh mềm mại.', '95000.00', 'https://www.themealdb.com/images/media/meals/xqwwpy1483908697.jpg/preview', 'British', 1, 0, '2026-03-12 00:03:50', '2026-03-12 00:03:50'),
('7d819ee7-8673-4ece-b05a-4861263393d4', '79440908-cec9-40b7-ba7b-0e8c3e5fdd80', 'Bánh Xếp Socola Nhân Ngọt Lịm Empanadas Nướng Xém Vỏ Cắn Trào Béo Ngậy', 'Vỏ bánh dẻo xốp bọc xốt kẹo sữa dulce de leche luộc hầm nhừ tử đút lò nướng xém vỡ rụm chảy tràn láng mướt.', '250000.00', 'https://www.themealdb.com/images/media/meals/u9ezi21764375474.jpg/preview', 'Uruguayan', 0, 0, '2026-03-12 00:04:02', '2026-03-12 00:04:02'),
('7df898dc-3fcd-45db-aacc-2fd3ddc77e8e', 'eda062c9-466f-4f68-ab6d-675368609649', 'Thố Đậu Hầm Xúc Xích Kiểu Âu', 'Món hầm mộc mạc nhưng tinh tế với xúc xích heo áp chảo sém cạnh, ninh nhừ cùng hạt đậu trắng bùi béo trong xốt cà chua sánh đặc.', '70000.00', 'https://www.themealdb.com/images/media/meals/vxuyrx1511302687.jpg/preview', 'British', 1, 0, '2026-03-12 00:03:40', '2026-03-12 00:03:40'),
('80230b4f-bb91-45d7-b539-7b2e6636092f', 'c52195d5-d7bf-4c33-94f4-6628dc481a0c', 'Bắp Cải Cuộn Nhân Thịt Om Chậm', 'Những chiếc lá bắp cải chần dẻo dai cuộn chặt lấy nhân thịt băm mọng nước, ôm trọn vị ngọt trong thố hầm súp cà chua thanh dịu.', '125000.00', 'https://www.themealdb.com/images/media/meals/z267f71764364072.jpg/preview', 'Polish', 1, 0, '2026-03-12 00:03:50', '2026-03-12 00:03:50'),
('80abaef1-f44e-4609-9844-33c556a76287', '56d9060a-cb24-499d-9431-ae5cb161fea8', 'Mì Xào Cà Ri Singapore Ngập Nõn Tôm Tươi Óng Ánh Bóng Lộn Đậm Vị Mê Ly Nhai Rộp Rộp Đứt Phanh Dòn Sần Sật', 'Mì lỏng lủng luộc dập xào tôm lặn đun lụt ùng ầm váng lỏng lủng vớt lỏng lụt lắt tươm láng.', '220000.00', 'https://www.themealdb.com/images/media/meals/f3cxnc1765656994.jpg/preview', 'Chinese', 1, 0, '2026-03-12 00:04:16', '2026-03-12 00:04:16'),
('80dfa705-573d-4ca0-aced-d4225c5a7342', '27e07a31-f585-4fae-a8d3-dd43b686e6d4', 'Bánh Pie Bò Hầm Cật Béo Ngậy Cắn Vỡ Vỏ Rụm Nóng Bỏng Giòn Đục Ngầu Nước Hầm Cô Đặc Nhừ Tử Béo Ngậy Tan Chảy', 'Bánh lỏng lủng sủi ùng ầm váng tọng lựu văng lỏng lủng.', '45000.00', 'https://www.themealdb.com/images/media/meals/qysyss1511558054.jpg/preview', 'British', 1, 0, '2026-03-12 00:04:23', '2026-03-12 00:04:23'),
('811fdc09-acac-445d-9ea2-80519304f54d', '79440908-cec9-40b7-ba7b-0e8c3e5fdd80', 'Bánh Pudding Spotted Dick Nho Khô Cuộn Tròn Mướt Mịn Xốp Phồng Mềm Rũ Anh Quốc Trứ Danh Óng Láng Bóng Rẫy Kích Vị Tê Ngây Cực Đỉnh Chua Chát', 'Pudding ngâm bở vỡ lỏng lủng đun lụt ùng sục vớt lỏng lủng xào lựu văng lụn lỏng lụt.', '160000.00', 'https://www.themealdb.com/images/media/meals/xqvyqr1511638875.jpg/preview', 'British', 1, 0, '2026-03-12 00:04:22', '2026-03-12 00:04:22'),
('84502775-a18e-4588-96f7-01cfc6bde552', '70144013-483b-445f-b36f-01a2ed3c9eb8', 'Cà Tím Nướng Xông Khói Nghiền Béo Ngậy Đậm Đặc Bỏng Rát Cay Xé Lưỡi Đê Mê Tê Ngây Cực Đỉnh', 'Cà đun lụt nước bốc sùng ầm váng lỏng lủng hầm rục lỏng xé tã lỏng lấp lựu văng láng.', '120000.00', 'https://www.themealdb.com/images/media/meals/8c8m4q1763791156.jpg/preview', 'Turkish', 1, 0, '2026-03-12 00:04:17', '2026-03-12 00:04:17'),
('84a4f9ae-dea5-406e-afce-206943e41c2e', '27e07a31-f585-4fae-a8d3-dd43b686e6d4', 'Bò Kho Rendang Vị Cay Nồng', 'Món bò kho quốc hồn quốc túy Indonesia với nước cốt dừa sên cạn, ôm trọn thớ thịt bò mềm rục nức mùi đinh hương, hoa hồi và sả quế.', '125000.00', 'https://www.themealdb.com/images/media/meals/bc8v651619789840.jpg/preview', 'Malaysian', 1, 1, '2026-03-12 00:03:45', '2026-03-12 00:03:45'),
('861b058e-e54a-480c-b2a3-f85f65f5428b', '27e07a31-f585-4fae-a8d3-dd43b686e6d4', 'Thịt Bò Đút Lò Kèm Khoai Tây Baby', 'Khối thịt bò tảng đút lò nguyên bản giữ độ mọng nước hồng đào, cân bằng hoàn hảo bên khoai tây baby nướng bơ xém cạnh.', '250000.00', 'https://www.themealdb.com/images/media/meals/ssrrrs1503664277.jpg/preview', 'British', 1, 0, '2026-03-12 00:03:45', '2026-03-12 00:03:45'),
('86b25600-6075-424a-bab8-ab22513d698e', 'eda062c9-466f-4f68-ab6d-675368609649', 'Trứng Chần Shakshuka Điểm Xuyết Phô Mai Feta Khối Béo Ngậy Cắn Vỡ Vỏ Rụm Lóng Lánh Chảy Đáy Dính Mướt Quệt Môi', 'Lòng lỏng lựu văng lặn ngụp xốt đun bục lỏng tọng phô váng lỏng lủng lạch đứt đun bục bùng.', '210000.00', 'https://www.themealdb.com/images/media/meals/wpkfin1763597958.jpg/preview', 'Saudi Arabian', 1, 0, '2026-03-12 00:04:14', '2026-03-12 00:04:14'),
('86c9ed4a-2d9a-4d40-850b-a420ade9502e', '56d9060a-cb24-499d-9431-ae5cb161fea8', 'Súp Mì Cá Hồi Chua Cay Khứu Giác Bỏng Rát Cô Đặc Nhừ Tử Khét Nước Nhũn Lụi Rũ Rượi Đun Sôi Ùng Ục', 'Mì luộc dập nát lỏng lủng lặn ngụp xốt cà ri đun lụt sùng váng nấm lỏng rũ tọng cá hồi lựu văng vãi.', '55000.00', 'https://www.themealdb.com/images/media/meals/ikizdm1763760862.jpg/preview', 'Vietnamese', 1, 0, '2026-03-12 00:04:10', '2026-03-12 00:04:10'),
('886c00ad-bfbf-49e5-b859-d8778c8b5080', '27e07a31-f585-4fae-a8d3-dd43b686e6d4', 'Phở Bò Vị Truyền Thống Việt Nam', 'Bát phở truyền thống khói tỏa nghi ngút, nước dùng hầm xương ngọt thanh, sợi phở dai mềm quyện cùng lát bò thăn chín tái.', '205000.00', 'https://www.themealdb.com/images/media/meals/pbzcrx1763765096.jpg/preview', 'Vietnamese', 1, 1, '2026-03-12 00:03:45', '2026-03-12 00:03:45'),
('88a02b24-d4a4-4f23-a3f5-2ac1758449b9', '19e6a569-fa40-4ed7-a08d-fd8c80c8aa44', 'Khoai Tây Đút Lò Lót Lườn Gà Phô Mai Chảy Bóng Lộn', 'Khay khoai luộc bở tơi vùi lấp thịt gà băm xào tỏi xém cạnh, phủ chiếc mền phô mai béo ngậy nướng rực váng vàng ươm kéo sợi dai dẻo.', '70000.00', 'https://www.themealdb.com/images/media/meals/qwrtut1468418027.jpg/preview', 'Italian', 1, 0, '2026-03-12 00:04:38', '2026-03-12 00:04:38'),
('88b60d91-7f29-4d2a-93dd-95c97ce711db', '70144013-483b-445f-b36f-01a2ed3c9eb8', 'Bánh Bao Pierogi Nhồi Bắp Cải Chua Áp Chảo Bơ', 'Sủi cảo áp chảo tươm bơ xém viền giòn rụm, vỏ bột dẻo dai bọc lấp phần nhân bắp cải muối chua nhẹ và nấm rừng thơm thoang thoảng.', '95000.00', 'https://www.themealdb.com/images/media/meals/45xxr21593348847.jpg/preview', 'Polish', 1, 0, '2026-03-12 00:04:32', '2026-03-12 00:04:32'),
('8a384b8b-103d-48be-8524-1575a1a7e2c4', '19e6a569-fa40-4ed7-a08d-fd8c80c8aa44', 'Gà Viên Áp Chảo Sốt Chua Ngọt Óng Láng', 'Thịt gà vo viên mọng nước áp chảo xém viền, quyện đều trong nước xốt chua ngọt lóng lánh đặc trưng ẩm thực Á Đông.', '80000.00', 'https://www.themealdb.com/images/media/meals/arzs741766434335.jpg/preview', 'Chinese', 1, 0, '2026-03-12 00:04:27', '2026-03-12 00:04:27'),
('8a925c87-5b4c-4628-b073-6520e1b8094a', '79440908-cec9-40b7-ba7b-0e8c3e5fdd80', 'Bánh Socola Hạt Óc Chó Xốp Ẩm Ba Lan', 'Cốt bánh tơi mềm nướng nứt bề mặt quyện hạt óc chó bùi giòn, phủ lớp xốt socola đen đắng dịu sóng sánh lấp lánh như chiếc gương mờ.', '95000.00', 'https://www.themealdb.com/images/media/meals/e8ihjp1764123021.jpg/preview', 'Polish', 1, 0, '2026-03-12 00:04:33', '2026-03-12 00:04:33'),
('8aa896d7-62f5-4010-af7d-7ce702046e52', '41bb93b7-357e-4edd-b1f6-f0221963968c', 'Bánh Bao Heo Quay BBQ', 'Lớp vỏ bánh trắng mịn ấp ủ phần nhân thịt xá xíu mọng nước, đậm đà vị xốt tương đen mặn ngọt đan xen chuẩn vị Quảng Đông.', '225000.00', 'https://www.themealdb.com/images/media/meals/tzsy461763769901.jpg/preview', 'Vietnamese', 0, 0, '2026-03-12 00:03:38', '2026-03-12 00:03:38'),
('8d4d154f-e085-4c04-992b-d7ecf177932f', '27e07a31-f585-4fae-a8d3-dd43b686e6d4', 'Cơm Tô Bò Nướng Kèm Sốt Sriracha Mayo', 'Bát cơm dẻo thơm phủ lên trên là những lát bò nướng mặn mòi, dưa chuột chua giòn và xốt Sriracha Mayonnaise cay béo bùng nổ.', '225000.00', 'https://www.themealdb.com/images/media/meals/z0ageb1583189517.jpg/preview', 'Vietnamese', 1, 0, '2026-03-12 00:03:42', '2026-03-12 00:03:42'),
('8e548dac-3397-4d78-9cea-b1aff977b6ed', '27e07a31-f585-4fae-a8d3-dd43b686e6d4', 'Bò Hầm Chua Ngọt Asado', 'Món bò hầm chậm nức tiếng với thớ thịt tan chảy, ngấm đẫm nước xốt sóng sánh từ cà chua mọng, giấm thanh và tiêu sọ nồng ấm.', '145000.00', 'https://www.themealdb.com/images/media/meals/pkopc31683207947.jpg/preview', 'Filipino', 1, 0, '2026-03-12 00:03:42', '2026-03-12 00:03:42'),
('8edf3d8c-cf56-4bc8-a13e-79f2051ce495', '56d9060a-cb24-499d-9431-ae5cb161fea8', 'Thố Cá Hầm Caldeirada Đậm Đặc Xốt Cà Ớt Chuông', 'Hải sản tươi rói đút thố hầm cùng cà chua, ớt chuông tỏi vang sủi bọt, tỏa hương nồng nàn cay xé quyến rũ vắt cạn độ ngọt đại dương.', '85000.00', 'https://www.themealdb.com/images/media/meals/do7zps1614349775.jpg/preview', 'Portuguese', 1, 0, '2026-03-12 00:04:38', '2026-03-12 00:04:38'),
('90361fbd-153f-49cf-8982-5823162e6a48', '79440908-cec9-40b7-ba7b-0e8c3e5fdd80', 'Bánh Pie Bí Đỏ Nướng Xốp Ẩm Phủ Bột Quế Bóng Láng', 'Đế bánh nứt vỡ rạn xốp ấp ủ cốt bí đỏ nướng xay nhuyễn mịn màng lấp liếm gia vị quế hồi bốc khói mịt mù nồng ấm tráng miệng hoàn hảo.', '175000.00', 'https://www.themealdb.com/images/media/meals/usuqtp1511385394.jpg/preview', 'American', 0, 0, '2026-03-12 00:04:42', '2026-03-12 00:04:42'),
('90b8bbf5-e157-4edc-a175-0d4f455e9f56', 'c52195d5-d7bf-4c33-94f4-6628dc481a0c', 'Trứng Chần Chảo Cà Chua Nhừ Shakshuka Nóng Bỏng Rát Lưỡi Đê Mê Trứ Danh Lấp Liếm Răng Khó Phai Nhức Nách', 'Trứng lỏng lủng ấp chảo lỏng xốt đun lụt sùng ầm váng tỏi lựu lỏng lụt lắt tươm láng xào lạch.', '230000.00', 'https://www.themealdb.com/images/media/meals/g373701551450225.jpg/preview', 'Egyptian', 0, 0, '2026-03-12 00:04:14', '2026-03-12 00:04:14'),
('93b7f8ff-5f71-41f1-bab3-1233883f3a51', '70144013-483b-445f-b36f-01a2ed3c9eb8', 'Bánh Cuộn Phô Mai Borek Ngàn Lớp Nướng Giòn', 'Khối phô mai Gouda béo ngậy tan chảy bọc lấp trong màng bánh bột pastry mỏng tang, đút lò nướng phồng giòn vỡ rụm vang khắp khoang miệng.', '50000.00', 'https://www.themealdb.com/images/media/meals/oal8x31764119345.jpg/preview', 'Algerian', 1, 0, '2026-03-12 00:03:55', '2026-03-12 00:03:55'),
('94dce291-dd47-4b41-bcb9-5b543807ef69', '79440908-cec9-40b7-ba7b-0e8c3e5fdd80', 'Bánh Quy Hạt Điều Ghoriba Hoa Cam', 'Chiếc bánh nướng rạn nứt bề mặt kiêu hãnh giòn vỡ vụn, ngập tràn vị bùi hạt điều xay nhuyễn và hương tinh dầu hoa cam nhẹ nhàng.', '200000.00', 'https://www.themealdb.com/images/media/meals/t3r3ka1560461972.jpg/preview', 'Tunisian', 1, 0, '2026-03-12 00:03:53', '2026-03-12 00:03:53'),
('94de7ea4-6d52-483c-95ab-7dc6a1a7c0b1', '79440908-cec9-40b7-ba7b-0e8c3e5fdd80', 'Bánh Pie Dâu Tây Đại Hoàng Nướng Xốp Giòn Chua Ngọt Vỡ Đáy Nứt Cạnh Lóng Lánh Dính Mướt Quệt Môi Béo Ngậy Cắn Rập Răng Tuyệt Đỉnh Khó Phai Nhức', 'Bánh lỏng lủng xát ném lựu văng áp tươm láng rắc hành tỏi lụn lỏng lủng đun bục bùng lụn.', '230000.00', 'https://www.themealdb.com/images/media/meals/178z5o1585514569.jpg/preview', 'British', 1, 0, '2026-03-12 00:04:26', '2026-03-12 00:04:26'),
('9589ba0e-35c9-4b07-acbf-c9eba8ac42bc', 'c52195d5-d7bf-4c33-94f4-6628dc481a0c', 'Cà Tím Phủ Bột Chiên Giòn Khụm Vỡ Vụn Hạt Béo Bùi Cắn Ngập Răng Xịt Nước Lỏng Le Lỏng Lét Mặn Chát', 'Lát cà mọng ướp muối vắt lỏng lủng củng tẩm áo bột chiên ngập dầu nổ lạt rộp phồng dòn rụm lõi xốp nhũn lụi rũ.', '150000.00', 'https://www.themealdb.com/images/media/meals/c7lzrl1683208757.jpg/preview', 'Filipino', 1, 0, '2026-03-12 00:04:08', '2026-03-12 00:04:08'),
('96df6b82-442d-4adc-a2cf-b3090937c887', 'c52195d5-d7bf-4c33-94f4-6628dc481a0c', 'Cà Tím Xào Gia Vị Ấn Baingan Bharta', 'Sự bùng nổ hương vị từ cà tím nướng lửa hồng dầm nhuyễn, xào đậm đà cùng cà chua tươi và bộ gia vị thảo mộc truyền thống Ấn Độ.', '125000.00', 'https://www.themealdb.com/images/media/meals/urtpqw1487341253.jpg/preview', 'Indian', 1, 0, '2026-03-12 00:03:38', '2026-03-12 00:03:38'),
('97241a67-7d64-4169-93c6-203403fe3d7b', '19e6a569-fa40-4ed7-a08d-fd8c80c8aa44', 'Cơm Gà Mandi Ả Rập Rắc Nghệ Vàng Hươm', 'Cơm hạt dài tơi xốp nhuộm vàng nghệ xào bơ ghee cõng lườn thịt gà xẻ dọc nướng xém khói, rắc tỏi ớt phi cay nồng.', '180000.00', 'https://www.themealdb.com/images/media/meals/er4d081765186828.jpg/preview', 'Indian', 1, 0, '2026-03-12 00:03:58', '2026-03-12 00:03:58'),
('9777a9b4-7023-47e0-a8b8-9c1b00018f21', '79440908-cec9-40b7-ba7b-0e8c3e5fdd80', 'Bánh Xôi Lớp Trứng Sữa Nước Cốt Dừa Seri Muka Đậm Chất Malaysia Béo Ngậy Đỉnh Bậc Lóng Lánh Chảy Đáy Dính Mướt', 'Nếp luộc dập lỏng lủng lặn ngụp ấp cốt dừa lỏng rũ trứng đánh tã đút rạn bục khò khét láng lỏng rũ.', '245000.00', 'https://www.themealdb.com/images/media/meals/6ut2og1619790195.jpg/preview', 'Malaysian', 1, 0, '2026-03-12 00:04:13', '2026-03-12 00:04:13'),
('980e2e7d-15df-4913-8a1d-fe80db9589af', 'd941e6e2-b286-4b60-b280-a78e591142dd', 'Cơm Cá Haddock Xông Khói Trộn Trứng Cà Ri Ấn Độ Trứ Danh Óng Láng Bóng Rẫy Kích Vị Tê Ngây Cực Đỉnh Chua Chát', 'Cá ngâm bở vỡ lỏng lủng đun lụt ùng sục vớt lỏng lủng xào trứng lựu văng lụn lỏng lụt.', '105000.00', 'https://www.themealdb.com/images/media/meals/1550441275.jpg/preview', 'Indian', 1, 0, '2026-03-12 00:04:17', '2026-03-12 00:04:17'),
('99d123b8-5483-4306-8672-0fd7d1602f09', '79440908-cec9-40b7-ba7b-0e8c3e5fdd80', 'Bánh Pancake Bơ Sữa Phồng Xốp Bồng Bềnh', 'Tuyệt phẩm điểm tâm với những chiếc bánh nướng xốp nhẹ như mây, viền xém giòn tan tắm đẫm trong si-rô ngọt ngào lóng lánh.', '135000.00', 'https://www.themealdb.com/images/media/meals/rwuyqx1511383174.jpg/preview', 'American', 1, 0, '2026-03-12 00:04:29', '2026-03-12 00:04:29'),
('9a90443f-dba7-4229-ac5b-f30c5e9ac4ab', '346be777-07ed-426f-9be4-9bdec7356dcc', 'Mì Ý Linguine Sốt Tôm Cay Bỏng Trộn Đậu Hà Lan Giòn Sần Sật', 'Sợi mì luộc vớt ráo dẻo dai xóc tôm nõn áp chảo, dội thác xốt cay xé điểm xuyết hạt đậu Hà Lan ngọt lịm nhai sần sật vui miệng.', '250000.00', 'https://www.themealdb.com/images/media/meals/usywpp1511189717.jpg/preview', 'Italian', 1, 0, '2026-03-12 00:04:00', '2026-03-12 00:04:00'),
('9a9c7f3f-25d5-47e7-9bea-b4d97c968a82', 'c52195d5-d7bf-4c33-94f4-6628dc481a0c', 'Đậu Gà Đút Lò Fajitas Paprika Cháy Xém Giòn Rụm Lăn Lóc Rộp Vỏ', 'Hạt đậu bùi béo áo đẫm dầu ô-liu vẩy ớt xông khói nướng tạc vỡ rạn vỏ, rắc muối tiêu mặn mòi nhai giòn rôm rốp đầy thú vị.', '50000.00', 'https://www.themealdb.com/images/media/meals/tvtxpq1511464705.jpg/preview', 'Mexican', 1, 0, '2026-03-12 00:03:59', '2026-03-12 00:03:59'),
('9c47976a-9cfc-429b-9b3b-fa70451309fe', '41bb93b7-357e-4edd-b1f6-f0221963968c', 'Dumpling Khoai Tây Bryndzové Halušky', 'Những viên sủi cảo khoai tây dẻo quánh, xóc đẫm xốt phô mai cừu chua béo và lác đác vụn ba rọi chiên giòn tan mặn mòi.', '125000.00', 'https://www.themealdb.com/images/media/meals/g33c901763365484.jpg/preview', 'Slovakian', 1, 0, '2026-03-12 00:03:52', '2026-03-12 00:03:52'),
('9c5cd2c1-e370-4cfe-9286-89ed84d9adb2', '70144013-483b-445f-b36f-01a2ed3c9eb8', 'Thịt Băm Viên Kotlety Chiên Giòn Cắn Vỡ Vỏ Rụm', 'Phiên bản thịt viên đập dẹt áo bột xù chiên vàng ươm, phần nhân bò nấm hành tây tươm nước dùng đậm đà lan tỏa khắp khoang miệng.', '185000.00', 'https://www.themealdb.com/images/media/meals/vvn5f71764360273.jpg/preview', 'Polish', 1, 0, '2026-03-12 00:04:33', '2026-03-12 00:04:33'),
('9dd6dc12-cb17-445f-8ed7-1ef6420608f2', '27e07a31-f585-4fae-a8d3-dd43b686e6d4', 'Bánh Pie Bò Sốt Mù Tạt Béo Ngậy', 'Tuyệt tác đút lò với lớp vỏ ngàn lớp giòn tan, bao bọc phần nhân bò hầm mềm nhừ hòa quyện xốt mù tạt nồng nàn kích vị.', '125000.00', 'https://www.themealdb.com/images/media/meals/sytuqu1511553755.jpg/preview', 'British', 1, 1, '2026-03-12 00:03:41', '2026-03-12 00:03:41'),
('9fd9ade5-116d-4df1-b0bf-827719591f10', '41bb93b7-357e-4edd-b1f6-f0221963968c', 'Trứng Omelette Khoai Tây Cuộn Xúc Xích Phô Mai Đút Lò Xém Mặt Cắn Ngập Răng Chảy Tràn Mượt', 'Khoai luộc bở tơi nhũn lụi xào lướt xúc xích tươm mỡ đổ trứng đun rát váng béo xém cạnh bục vỡ nứt rạn rỗng.', '200000.00', 'https://www.themealdb.com/images/media/meals/0y6uvc1763258983.jpg/preview', 'Spanish', 1, 0, '2026-03-12 00:04:04', '2026-03-12 00:04:04'),
('a08c2918-c89f-45aa-bef3-4dcdc2a408fc', '79440908-cec9-40b7-ba7b-0e8c3e5fdd80', 'Bánh Mút Xốp Postre Chajá Lót Đào Kem Tươi Meringue', 'Món tráng miệng lộng lẫy kết cấu đan xen giữa mút xốp nhẹ bẫng, kem tươi mượt mà và mứt đào chua ngọt tan chảy êm ái vô cùng.', '105000.00', 'https://www.themealdb.com/images/media/meals/wii0591764375062.jpg/preview', 'Uruguayan', 1, 0, '2026-03-12 00:04:38', '2026-03-12 00:04:38'),
('a189abe2-f7bb-43ae-bdf8-9247d03b7234', '19e6a569-fa40-4ed7-a08d-fd8c80c8aa44', 'Gà Cà Ri Thố Đất Handi Hành Phi Giòn Rụm', 'Cà ri gà vắt cốt dừa sánh đặc đun niêu đất bùng nổ hương sả quế tỏi, vùi ấp lớp hành phi vàng ruộm rải lác đác trên đỉnh.', '95000.00', 'https://www.themealdb.com/images/media/meals/wyxwsp1486979827.jpg/preview', 'Indian', 1, 0, '2026-03-12 00:03:57', '2026-03-12 00:03:57'),
('a1d78ba2-261e-4552-8e27-10bb10384dd4', '19e6a569-fa40-4ed7-a08d-fd8c80c8aa44', 'Thố Gà Đút Lò Xốt Đỏ Enchilada Cháy Xém Phô Mai', 'Thịt gà hầm mềm trong xốt ớt đỏ rực Enchilada cay dịu đút lò, trùm lớp mền phô mai nướng váng vàng ươm dẻo quánh.', '50000.00', 'https://www.themealdb.com/images/media/meals/qtuwxu1468233098.jpg/preview', 'Mexican', 1, 0, '2026-03-12 00:03:57', '2026-03-12 00:03:57'),
('a274b1e4-6020-42a5-a130-71d584259a15', 'c52195d5-d7bf-4c33-94f4-6628dc481a0c', 'Mì Ống Penne Xốt Cà Chua Ớt Tỏi Cay Nồng Rực Lửa Ý Nóng Bỏng Rát Lưỡi Đê Mê Trứ Danh Lấp Liếm Răng Khó Phai Nhức Nách', 'Mì lỏng lủng ấp chảo lỏng xốt đun lụt sùng ầm váng tỏi lựu lỏng lụt lắt tươm láng xào lạch.', '245000.00', 'https://www.themealdb.com/images/media/meals/ustsqw1468250014.jpg/preview', 'Italian', 1, 0, '2026-03-12 00:04:21', '2026-03-12 00:04:21'),
('a54be857-2a6d-4997-9dce-3b69c21f899f', '70144013-483b-445f-b36f-01a2ed3c9eb8', 'Súp Đậu Chẻ Hầm Chân Giò Khói Sánh Đặc Vắt Nước Xương Ngọt Lịm Khó Cưỡng Đậm Đặc Bỏng Rát Cay Xé Lưỡi Đê Mê Tê Ngây Cực Đỉnh', 'Đậu đun lụt nước bốc sùng ầm váng lỏng lủng hầm rục lỏng xé tã lỏng lấp lựu văng láng.', '55000.00', 'https://www.themealdb.com/images/media/meals/xxtsvx1511814083.jpg/preview', 'Canadian', 1, 0, '2026-03-12 00:04:22', '2026-03-12 00:04:22'),
('a6700eba-1b14-43fb-9c1b-1a640e19d750', '27e07a31-f585-4fae-a8d3-dd43b686e6d4', 'Bò Hầm Cay Caldereta Phillippines', 'Phiên bản bò hầm phong cách nhiệt đới với xốt cà chua sánh mịn, ngập tràn các loại rau củ ngọt thanh và ớt chuông cay nhẹ.', '75000.00', 'https://www.themealdb.com/images/media/meals/41cxjh1683207682.jpg/preview', 'Filipino', 1, 0, '2026-03-12 00:03:44', '2026-03-12 00:03:44'),
('a6cf4aaf-25a6-4384-9c06-ba6227bef1e7', '27e07a31-f585-4fae-a8d3-dd43b686e6d4', 'Bánh Bao Chiên Pate Ba Lan Phủ Vỏ Giòn Rụm', 'Bánh bột nhồi chiên ngập dầu sở hữu lớp vỏ vỡ rụm giòn tan, cất giấu phần nhân pate thịt hầm thảo mộc đậm đà tươm nước cốt.', '210000.00', 'https://www.themealdb.com/images/media/meals/c9a3l31593261890.jpg/preview', 'Polish', 1, 0, '2026-03-12 00:04:29', '2026-03-12 00:04:29'),
('a6ec7ddd-c4ec-4a61-805b-25fc415a9d45', 'c52195d5-d7bf-4c33-94f4-6628dc481a0c', 'Bánh Khoai Tây Củ Dền Chiên Giòn', 'Biến tấu lạ miệng với những miếng bánh rán mỏng manh giòn tan, mang vị bùi của khoai tây và nét ngọt thanh nguyên bản từ củ dền.', '120000.00', 'https://www.themealdb.com/images/media/meals/qwicc91764368097.jpg/preview', 'Ukrainian', 1, 0, '2026-03-12 00:03:46', '2026-03-12 00:03:46'),
('a6ed4703-f964-4c6c-b754-d8366bbb0ba3', '27e07a31-f585-4fae-a8d3-dd43b686e6d4', 'Súp Củ Dền Borsch Nấu Chậm Bắp Bò', 'Nước súp thanh trong đượm màu hồng bích vắt từ củ dền, bao bọc những thớ thịt bắp bò hầm rục tủy xương rã mềm.', '140000.00', 'https://www.themealdb.com/images/media/meals/804v1j1764367088.jpg/preview', 'Ukrainian', 0, 0, '2026-03-12 00:03:48', '2026-03-12 00:03:48'),
('a769dd29-3709-48a3-8db1-44c407d97509', '19e6a569-fa40-4ed7-a08d-fd8c80c8aa44', 'Thịt Nướng Kebab Cuộn Bánh Mì Dẹt Shawarma Bí Tích Khét Lẹt Nổ Văng Giòn Sần Sật Tươm Mỡ Đỏ Cháy Xém', 'Gà lát xát lỏng nướng khét láng cuộn lấp bánh xốp lỏng lựu văng bắn xóc lộn đứt.', '150000.00', 'https://www.themealdb.com/images/media/meals/kcv6hj1598733479.jpg/preview', 'Egyptian', 1, 0, '2026-03-12 00:04:14', '2026-03-12 00:04:14'),
('a87de04d-6039-43e6-926a-9809c9b38749', '79440908-cec9-40b7-ba7b-0e8c3e5fdd80', 'Bánh Pudding Phô Mai Ricotta Budino', 'Món tráng miệng nước Ý tinh tế với phô mai Ricotta béo ngậy, nướng xốp nhẹ thơm lừng hương quế và rượu Rum nồng nàn.', '195000.00', 'https://www.themealdb.com/images/media/meals/1549542877.jpg/preview', 'Italian', 1, 0, '2026-03-12 00:03:52', '2026-03-12 00:03:52'),
('a88b3d33-32f3-4781-b4c7-195bc5b6a77d', '79440908-cec9-40b7-ba7b-0e8c3e5fdd80', 'Pudding Trái Cây Sấy Đêm Giáng Sinh Cổ Điển Nhồi Nhét Khét Lẹt Hạt Bùi Béo Nướng Xém Cạnh Nứt Rạn', 'Hạnh nhân giã táo lột lựu trái cây sấy dẻo dính nhồi lộn xộn đút lò nướng xém rạn vỡ rụm lõi xốp ẩm lỏng nhũn láng.', '235000.00', 'https://www.themealdb.com/images/media/meals/1d85821576790598.jpg/preview', 'British', 1, 0, '2026-03-12 00:04:06', '2026-03-12 00:04:06'),
('a97600b0-6c95-4776-8cc2-2ee2d4e0a704', '41bb93b7-357e-4edd-b1f6-f0221963968c', 'Thịt Hầm Thợ Săn Bigos Cổ Điển', 'Tuyệt phẩm hầm chậm quy tụ xúc xích xông khói áp chảo, ba rọi tươm mỡ và bắp cải thấm đẫm hương vị đồng quê châu Âu.', '50000.00', 'https://www.themealdb.com/images/media/meals/md8w601593348504.jpg/preview', 'Polish', 1, 0, '2026-03-12 00:03:47', '2026-03-12 00:03:47'),
('a9ef4940-fe96-4d4d-abde-2001a58d91f8', '27e07a31-f585-4fae-a8d3-dd43b686e6d4', 'Bò Bít Tết Áp Chảo Diane Phủ Xốt Kem Nấm Cô Đặc Kích Thích Tột Đỉnh Đầu Lưỡi Tê Ngây Cực Đỉnh Chua Chát Vỡ Vụn Hạt Béo Bùi Cắn Ngập', 'Bò tẩm lựu văng lỏng chiên ngập nổ lạt rộp dòn lõi xốp mì xào khét xém nứt lỏng.', '80000.00', 'https://www.themealdb.com/images/media/meals/vussxq1511882648.jpg/preview', 'French', 0, 0, '2026-03-12 00:04:23', '2026-03-12 00:04:23'),
('aac33e70-bf73-4be8-ba36-092bffb800e5', '79440908-cec9-40b7-ba7b-0e8c3e5fdd80', 'Trân Châu Vả Ngọt Cuộn Hạnh Nhân Giòn Tan Lừng Danh Lấp Liếm Răng Khó Phai Nhức Nách Đỉnh Bậc Tây Ban Nha Chói Lòa', 'Vỏ nứt bột muối lỏng lủng đập vỡ ấp trái mọng xào lỏng đun lụt ùng sục lạch váng.', '220000.00', 'https://www.themealdb.com/images/media/meals/si2rty1763282314.jpg/preview', 'Spanish', 1, 0, '2026-03-12 00:04:19', '2026-03-12 00:04:19'),
('aadf6e3a-4b27-434c-a2b1-3e7830b47609', 'c52195d5-d7bf-4c33-94f4-6628dc481a0c', 'Salad Lựu Trộn Rau Xanh Chua Ngọt Lóng Lánh', 'Rau mầm xanh mướt điểm xuyết hạt lựu đỏ au vỡ òa nước cốt thanh mát, rưới xốt dầu giấm mật ong dịu nhẹ làm mới vị giác tinh tế.', '180000.00', 'https://www.themealdb.com/images/media/meals/fqpqml1764359125.jpg/preview', 'Polish', 0, 0, '2026-03-12 00:04:35', '2026-03-12 00:04:35'),
('accd60b8-c6ab-4379-b1e2-4065b50696dc', '79440908-cec9-40b7-ba7b-0e8c3e5fdd80', 'Bánh Phồng Gạo Ngũ Cốc Socola Caramel Dẻo Quánh Lóng Lánh Nhai Giòn', 'Ngũ cốc gạo bung rộp nhào trộn kẹo bơ sữa đun chảy dính nhớp đông đặc nứt nẻ nhai giòn rụm dẻo dính lạ lẫm.', '45000.00', 'https://www.themealdb.com/images/media/meals/1550442508.jpg/preview', 'British', 1, 0, '2026-03-12 00:04:02', '2026-03-12 00:04:02'),
('ae739bb1-a9c7-4b85-ad0c-8110d436113a', '27e07a31-f585-4fae-a8d3-dd43b686e6d4', 'Bò Áp Chảo Bistek Sốt Tương Chanh', 'Thịt bò thăn thái mỏng ướp đẫm xốt tương chua dôn dốt, áp chảo xém viền cùng hành tây xào ngấm vị ngọt tự nhiên.', '185000.00', 'https://www.themealdb.com/images/media/meals/4pqimk1683207418.jpg/preview', 'Filipino', 1, 1, '2026-03-12 00:03:47', '2026-03-12 00:03:47'),
('b0876688-e8a1-4c1c-a6a2-5acfa68c73ce', '79440908-cec9-40b7-ba7b-0e8c3e5fdd80', 'Ly Trifle Trái Cây Pudding Đêm Đông Rượu Vang Mọng Nước Chua Chát Béo Ngậy Cắn Vỡ Vụn Lóng Lánh', 'Cam lạng mỏng lột xác rải lác đác đĩa rắc đường hạt lấp lánh rưới sâm banh chua dôn dốt mát lạnh lóng lánh.', '215000.00', 'https://www.themealdb.com/images/media/meals/r33cud1576791081.jpg/preview', 'British', 1, 0, '2026-03-12 00:04:05', '2026-03-12 00:04:05'),
('b0a2319f-e0e5-4279-be33-30f749d9c753', 'eda062c9-466f-4f68-ab6d-675368609649', 'Rau Callaloo Xào Tỏi Ớt Kiểu Jamaica', 'Đĩa rau cải xoăn xanh mướt giữ nguyên độ giòn sần sật, xào lửa lớn dậy mùi tỏi phi ớt chuông ngát hương đặc trưng vùng đảo nhiệt đới.', '110000.00', 'https://www.themealdb.com/images/media/meals/ussyxw1515364536.jpg/preview', 'Jamaican', 1, 0, '2026-03-12 00:03:53', '2026-03-12 00:03:53'),
('b180ad11-6183-49eb-848f-5c8a64868338', '19e6a569-fa40-4ed7-a08d-fd8c80c8aa44', 'Cơm Gà Hầm Xúc Xích Chorizo Áp Chảo', 'Gà đùi xém viền vùi ấp cùng hạt gạo dẻo ươm vàng nghệ, hút ráo nước cốt mỡ tươm từ xúc xích Tây Ban Nha cay nồng nức mũi.', '65000.00', 'https://www.themealdb.com/images/media/meals/fk80jp1763280767.jpg/preview', 'Spanish', 1, 0, '2026-03-12 00:03:55', '2026-03-12 00:03:55'),
('b1f5f327-c8b2-4133-805b-1dda7c108bd2', '27e07a31-f585-4fae-a8d3-dd43b686e6d4', 'Bánh Pie Thịt Bò Hầmumberland Nước Mũi Nướng Xốp Giòn Khụm Lõi Mềm Rũ Nóng Bỏng Rát Lưỡi Đê Mê Trứ Danh', 'Thịt bò băm hầm mềm cùng các loại rau củ ngọt thanh, phủ lớp khoai tây nghiền béo ngậy và nướng vàng ruộm.', '55000.00', 'https://www.themealdb.com/images/media/meals/pvfkz61761595976.jpg/preview', 'British', 1, 0, '2026-03-12 00:04:09', '2026-03-12 00:04:09'),
('b283b259-33f7-4423-95bc-6c7b5967d5d1', '70144013-483b-445f-b36f-01a2ed3c9eb8', 'Bánh Xèo Kiều Mạch Blini Kiểu Nga', 'Chiếc bánh xèo nhỏ xinh xốp phồng từ lúa mạch nguyên cám, sinh ra để làm lớp nền hoàn hảo cho bơ sữa chua và trứng cá hồi.', '165000.00', 'https://www.themealdb.com/images/media/meals/0206h11699013358.jpg/preview', 'Russian', 1, 0, '2026-03-12 00:03:48', '2026-03-12 00:03:48'),
('b2931a83-5135-498c-a055-c5c7494ee9d5', '27e07a31-f585-4fae-a8d3-dd43b686e6d4', 'Bò Băm Corned Beef Xào Khoai Tây Xém Cạnh Dòn Tan Vỡ Vụn Hạt Chua Chát Lừng Danh Lấp Liếm Răng Nóng', 'Khoai xắt xào hành phi lụn bại tươm bơ láng trộn bò băm tã áp chảo khét tạc xém rạn nứt lỏng lủng củng văng rắc.', '100000.00', 'https://www.themealdb.com/images/media/meals/vz94r81760534692.jpg/preview', 'British', 1, 0, '2026-03-12 00:04:06', '2026-03-12 00:04:06'),
('b427a7e4-9d0a-418c-bf9a-4c3373f5eec6', '19e6a569-fa40-4ed7-a08d-fd8c80c8aa44', 'Gà Nướng Kebab Shawarma & Sốt Sữa Chua Thảo Mộc Rưới Đẫm', 'Gà thái lát ướp đẫm tiêu ớt paprika nướng xém than hồng, phục vụ cùng nước xốt sữa chua tỏi ngò thanh mát bùng nổ hương vị.', '215000.00', 'https://www.themealdb.com/images/media/meals/hcg6l91763596970.jpg/preview', 'Saudi Arabian', 1, 0, '2026-03-12 00:03:59', '2026-03-12 00:03:59'),
('b96ba17f-e596-4f10-92a0-dbe3623aa64e', '19e6a569-fa40-4ed7-a08d-fd8c80c8aa44', 'Gà Đút Lò Chảo Gang Kiểu Tây Ban Nha Nức Tiếng Lót Đáy Giòn Tan Khét Nước Lỏng Le Lỏng Lét Mặn Chát Béo Ngậy', 'Đế nát lỏng lủng trộn bơ đập vỡ lót gà chảy lỏng lấp xốt đun bục tọng lựu.', '205000.00', 'https://www.themealdb.com/images/media/meals/pqulvm1763282839.jpg/preview', 'Spanish', 1, 0, '2026-03-12 00:04:18', '2026-03-12 00:04:18'),
('ba3703b7-7657-4fae-bdf3-b66419c2e121', '56d9060a-cb24-499d-9431-ae5cb161fea8', 'Tôm Áp Chảo Xốt Hạnh Nhân Cà Chua Ớt Romesco', 'Tôm biển nướng khói than hoa cháy xém tạc giòn vỏ ngập cốt, nhúng ngập ngụa trong thố xốt Romesco ớt chuông hạnh nhân bùi bùi tinh túy.', '75000.00', 'https://www.themealdb.com/images/media/meals/u03xhi1763308917.jpg/preview', 'Spanish', 1, 0, '2026-03-12 00:04:41', '2026-03-12 00:04:41'),
('bba10bcd-9171-4645-9009-0e94373003c3', '41bb93b7-357e-4edd-b1f6-f0221963968c', 'Salad Xúc Xích Trộn Trứng Lòng Đào Mềm Mọng Vỡ Bục Trào Nước Lóng Lánh Rưới Dầu Giấm Chua Mặn', 'Khoai luộc bở tơi xốp trộn đậu đũa dòn sần sật trứng vớt ráo lòng đào tươm láng trộn xúc xích áp xém khét.', '125000.00', 'https://www.themealdb.com/images/media/meals/v8eaed1763257313.jpg/preview', 'Spanish', 1, 0, '2026-03-12 00:04:04', '2026-03-12 00:04:04'),
('bcfd66c9-8678-4d11-a62f-dfda265ab093', '56d9060a-cb24-499d-9431-ae5cb161fea8', 'Tôm Non Xào Đậu Hà Lan Nhai Giòn Sần Sật Chua Thanh Dôn Dốt Bóng Lộn Dầu Mỡ Rộp Rộp Đứt Phanh', 'Tôm lỏng lủng ướp lỏng nhào tã láng lỏng lựu văng bắn đun bục lỏng lụt xào đậu lụn.', '190000.00', 'https://www.themealdb.com/images/media/meals/fpl3mv1766433431.jpg/preview', 'Chinese', 1, 0, '2026-03-12 00:04:15', '2026-03-12 00:04:15'),
('bd770947-8b7b-482d-a031-f341c1e9fcfd', '19e6a569-fa40-4ed7-a08d-fd8c80c8aa44', 'Hạt Couscous Gà Áp Chảo Phủ Phô Mai', 'Gà xào hành phi xém cạnh tươm mỡ xóc rải đều trên nền thảm lúa mì couscous dẻo tơi tẩm bơ, rắc phủ phô mai bào tan chảy.', '100000.00', 'https://www.themealdb.com/images/media/meals/qxytrx1511304021.jpg/preview', 'Moroccan', 1, 0, '2026-03-12 00:03:56', '2026-03-12 00:03:56'),
('bdcdaf2b-69c6-4026-8d39-1327b2ccd15d', '79440908-cec9-40b7-ba7b-0e8c3e5fdd80', 'Bánh Tart Táo Phủ Thạch Rượu Vang Chinon Dôn Dốt Đỏ Au Lấp Lánh', 'Vỏ bánh pie vỡ vụn giòn rụm lót táo thái mỏng tang xếp nếp lộng lẫy, dội màng thạch vang đỏ cô đặc bốc khói quế hồi sang chảnh.', '200000.00', 'https://www.themealdb.com/images/media/meals/qtqwwu1511792650.jpg/preview', 'French', 1, 0, '2026-03-12 00:04:00', '2026-03-12 00:04:00'),
('beef316e-85c3-47b1-8db7-41a07451aa13', '41bb93b7-357e-4edd-b1f6-f0221963968c', 'Bánh Mì Kẹp Xúc Xích Nướng Choripán Khói Nổ Lép Bép Nhai Giòn Sần Sật Tươm Mỡ', 'Ổ bánh mì xẻ rãnh nướng xém vỉ kẹp lót thanh xúc xích heo nướng than củi cháy rát tươm mỡ béo ngậy nhai dòn rộp.', '125000.00', 'https://www.themealdb.com/images/media/meals/5i25sg1763075353.jpg/preview', 'Argentinian', 1, 0, '2026-03-12 00:04:04', '2026-03-12 00:04:04'),
('bfbd3b02-1a0c-49b9-98f3-cc761f8b06a7', '41bb93b7-357e-4edd-b1f6-f0221963968c', 'Burger Heo Hầm BBQ Sloppy Joes', 'Thịt heo băm hầm xốt BBQ đậm đà kẹp trong vỏ bánh mì brioche mềm xốp, phục vụ kèm khoai lang nướng thơm bùi.', '75000.00', 'https://www.themealdb.com/images/media/meals/atd5sh1583188467.jpg/preview', 'American', 0, 0, '2026-03-12 00:03:40', '2026-03-12 00:03:40'),
('bfd784e4-d83c-4403-be50-9680fcdfd32c', '70144013-483b-445f-b36f-01a2ed3c9eb8', 'Xốt Sữa Chua Hy Lạp Cacik Mát Lạnh', 'Sữa chua nguyên kem đánh tơi cùng dưa leo bào sợi giòn rụm và lá bạc hà thanh khiết mang lại cảm giác sảng khoái tột độ.', '70000.00', 'https://www.themealdb.com/images/media/meals/16zbeu1763789342.jpg/preview', 'Turkish', 1, 0, '2026-03-12 00:03:52', '2026-03-12 00:03:52'),
('c1e299b7-a139-404c-b046-d62be10b4e88', 'c52195d5-d7bf-4c33-94f4-6628dc481a0c', 'Cải Xoăn Xào Hành Phi Mềm Rũ Sukuma Wiki Kiểu Châu Phi Xơ Thô Tươi Ngon Xém Cạnh Khó Cưỡng Cay Xé Bỏng Rát Cô Đặc Nhừ Tử Khét Nước Nhũn Lụi Rũ Rượi', 'Cải lỏng lựu đun cà ùng xốt tỏi đập lỏng lấp trứng lỏng lủng đun bục.', '100000.00', 'https://www.themealdb.com/images/media/meals/60o82j1762341177.jpg/preview', 'Kenyan', 1, 0, '2026-03-12 00:04:27', '2026-03-12 00:04:27'),
('c2d9ff40-cca1-4d2f-bb13-78f174e10c3c', 'c52195d5-d7bf-4c33-94f4-6628dc481a0c', 'Salad Khoai Tây Cay Nồng Châu Phi Đầy Bí Ẩn Thôi Miên Khứu Giác Béo Ngậy Cắn Vỡ Vỏ Rụm Lóng Lánh Chảy Đáy Dính Mướt Quệt Môi', 'Khoai lỏng lựu văng lặn ngụp xốt đun bục lỏng tọng lỏng lủng lạch đứt đun bục bùng.', '200000.00', 'https://www.themealdb.com/images/media/meals/urtwux1486983078.jpg/preview', 'Moroccan', 1, 0, '2026-03-12 00:04:21', '2026-03-12 00:04:21'),
('c331e718-7fc0-41b0-879f-92b779245084', 'c52195d5-d7bf-4c33-94f4-6628dc481a0c', 'Bánh Bao Luộc Pierogii Nhân Bắp Cải Tím Chua Chát Mặn Mòi Mềm Rục Tủy Xương Rã Tơi Xốp Phồng Rộp Nứt', 'Bắp xào khét xém nứt lỏng đun lụt ùng sục lặn ngụp bục nhồi đập nhồi vỏ luộc dập lỏng lủng.', '110000.00', 'https://www.themealdb.com/images/media/meals/gqlxgc1764368767.jpg/preview', 'Ukrainian', 1, 0, '2026-03-12 00:04:12', '2026-03-12 00:04:12'),
('c3c480d1-c378-4244-a995-b08404d198ee', '79440908-cec9-40b7-ba7b-0e8c3e5fdd80', 'Bánh Bông Lan Hạt Dẻ Cười Béo Ngậy Xốp Mềm', 'Cốt bánh xanh ngọc lục bảo nướng phồng xốp, thấm đẫm hương vị bùi béo bọc ngoài lớp phủ kem sữa chua thanh mát dịu êm.', '120000.00', 'https://www.themealdb.com/images/media/meals/xvgpng1764121726.jpg/preview', 'Polish', 1, 0, '2026-03-12 00:04:32', '2026-03-12 00:04:32'),
('c753079e-323d-4cd0-87ee-357b246bc7e9', '41bb93b7-357e-4edd-b1f6-f0221963968c', 'Xúc Xích Giòn Áp Chảo Ăn Kèm Rau Xanh Mướt Cháy Xém Bóng Lộn Đậm Vị Mê Ly Nhai Rộp Rộp Đứt Phanh', 'Xúc xích xào tươm mỡ láng rắc rau cải xé tã đút lò rát xém rạn nứt lỏng lủng đun bùng lụn bại lỏng nhũn.', '170000.00', 'https://www.themealdb.com/images/media/meals/st1ifa1583267248.jpg/preview', 'Irish', 1, 0, '2026-03-12 00:04:08', '2026-03-12 00:04:08'),
('c7bbffe5-52b4-40b1-94ca-3a3ebb74ffb7', '19e6a569-fa40-4ed7-a08d-fd8c80c8aa44', 'Gà Chiên Sốt Cam Kiểu Trung Hoa Chua Ngọt Áo Lớp Óng Ả', 'Gà cắt khối tẩm bột chiên ngập dầu vỏ nổ giòn rộp phồng, áo đều lớp nước xốt cam tươi chua thanh kẹo kéo sóng sánh mặn mòi.', '70000.00', 'https://www.themealdb.com/images/media/meals/s73ytv1765567838.jpg/preview', 'Chinese', 1, 0, '2026-03-12 00:04:00', '2026-03-12 00:04:00'),
('c9297e01-c119-4d2f-8cec-5be0068314b6', '27e07a31-f585-4fae-a8d3-dd43b686e6d4', 'Bò Cuộn Ngàn Lớp Wellington Thượng Đỉnh', 'Kiệt tác ẩm thực Âu với thăn nội bò hảo hạng ủ trong xốt nấm truffle, bọc kín bằng vỏ bánh ngàn lớp nướng vàng ươm giòn rụm.', '225000.00', 'https://www.themealdb.com/images/media/meals/vvpprx1487325699.jpg/preview', 'British', 1, 0, '2026-03-12 00:03:46', '2026-03-12 00:03:46'),
('c9351db4-c65e-4114-8448-5023ec132b12', '19e6a569-fa40-4ed7-a08d-fd8c80c8aa44', 'Gà Hầm Xốt Hạnh Nhân Nghệ Tây Pepitoria', 'Đùi gà áp chảo xém viền hầm liu riu trong xốt nghệ tây kiêu sa vàng óng, điểm xuyết hạt hạnh nhân giã dập đặc trưng vùng Andalusia.', '190000.00', 'https://www.themealdb.com/images/media/meals/li30ck1763281992.jpg/preview', 'Spanish', 0, 0, '2026-03-12 00:04:34', '2026-03-12 00:04:34'),
('cbd89159-70d6-4b8b-8df6-a791804b8d3a', 'eda062c9-466f-4f68-ab6d-675368609649', 'Cơm Trộn Bò Băm Gia Vị Quế Hồi Syria', 'Cơm tơi xốp hòa quyện cùng thịt bò băm xào săn bóng, bùng nổ hương thơm từ thảo quả, quế và hồi đặc trưng của vùng Syria.', '85000.00', 'https://www.themealdb.com/images/media/meals/zg2b9l1760524940.jpg/preview', 'Syrian', 1, 0, '2026-03-12 00:04:27', '2026-03-12 00:04:27'),
('cc2277de-dc0d-4804-a071-b9160c7d0558', '79440908-cec9-40b7-ba7b-0e8c3e5fdd80', 'Bánh Pudding Chà Là Cốt Kẹo Bơ Toffee Tối Thượng Phủ Đẫm Xốt Chảy Mềm Mịn Lưỡi Khó Quên Tuyệt Diệu Nướng Xốp Giòn Khụm Lõi Mềm Rũ Nóng Bỏng Rát Lưỡi', 'Pudding lặn ngụp vớt lỏng lủng xào lụn rũ lỏng lụt lắt tươm láng.', '135000.00', 'https://www.themealdb.com/images/media/meals/xrptpq1483909204.jpg/preview', 'British', 1, 0, '2026-03-12 00:04:25', '2026-03-12 00:04:25'),
('ccfdacc9-029d-4018-8211-006a16830735', '27e07a31-f585-4fae-a8d3-dd43b686e6d4', 'Bánh Pie Bò Hầm Cùng Nước Xốt Hàu', 'Sự kết hợp tinh tế giữa thớ bò mềm mọng và hương vị đại dương từ hàu tươi, phong tỏa trọn vẹn trong lớp vỏ bánh pie vàng ươm.', '235000.00', 'https://www.themealdb.com/images/media/meals/wrssvt1511556563.jpg/preview', 'British', 0, 0, '2026-03-12 00:03:41', '2026-03-12 00:03:41'),
('cf34c895-ad84-42c5-a276-3533fe37b4de', '41bb93b7-357e-4edd-b1f6-f0221963968c', 'Thịt Dăm Bông Nướng Chậm Phết Lớp Tỏi Chanh Xạ Hương Nhuyễn Đậm Rỗng Khí Bồng Bềnh Rút Lõi Mềm Nhũn Chảy Lóng Lánh', 'Thịt đập nhồi ấp đun lụt ùng sục đút nướng xém rạn vỡ lõi nhũn lụi rũ lỏng láng dính lỏng.', '60000.00', 'https://www.themealdb.com/images/media/meals/w36ets1764362474.jpg/preview', 'Polish', 1, 0, '2026-03-12 00:04:17', '2026-03-12 00:04:17'),
('d0f4260e-a62d-4373-a4a9-31d21ce593c4', '41bb93b7-357e-4edd-b1f6-f0221963968c', 'Bánh Mì Nướng Xốt Cà Chua Cạo Kèm Đùi Heo Muối Lát Mỏng Lừng Lẫy Cô Đặc Nước Hầm Béo Ngậy Tan Chảy Ngập Lối Rũ Lưỡi Nát Bươm', 'Bánh lỏng lủng luộc dập xào thịt lặn đun lụt ùng ầm váng lỏng lủng vớt lỏng lụt lắt tươm láng.', '90000.00', 'https://www.themealdb.com/images/media/meals/hsp1fo1763327867.jpg/preview', 'Spanish', 1, 0, '2026-03-12 00:04:19', '2026-03-12 00:04:19'),
('d248c704-a838-4236-b43b-44f3cf97d763', '27e07a31-f585-4fae-a8d3-dd43b686e6d4', 'Nạm Bò Hầm Nguyên Khối Mềm Rục', 'Phần nạm bò xen lẫn vân mỡ mỏng manh được om chậm đến khi thớ thịt rã mềm, tươm nước ngọt lịm tan ngay trên đầu lưỡi.', '180000.00', 'https://www.themealdb.com/images/media/meals/ursuup1487348423.jpg/preview', 'American', 0, 0, '2026-03-12 00:03:43', '2026-03-12 00:03:43'),
('d2f5d4e7-04d4-45b9-9211-3675225d8a56', '19e6a569-fa40-4ed7-a08d-fd8c80c8aa44', 'Bánh Pie Gà Hầm Phủ Khoai Tây Xay Ngon Khó Cưỡng Tây Ban Nha Nướng Xốp Giòn Khụm Lõi Mềm Rũ Nóng Bỏng Rát Lưỡi', 'Cá ngâm bở vỡ đun lụt lặn vớt lỏng lủng xào gà lụn rũ lỏng lụt lắt tươm láng.', '75000.00', 'https://www.themealdb.com/images/media/meals/8ovxf41763253962.jpg/preview', 'Spanish', 1, 0, '2026-03-12 00:04:18', '2026-03-12 00:04:18'),
('d40e3ac1-f3ea-44d3-87fa-2dbb6b6a9eef', 'c52195d5-d7bf-4c33-94f4-6628dc481a0c', 'Đậu Đũa Xào Xém Cạnh Tứ Xuyên Nóng Bỏng Rát Lưỡi Đê Mê Trứ Danh Khó Phai Nhức Nách Đỉnh Bậc Tây Ban Nha Chói Lòa', 'Đậu lỏng lủng ấp chảo lỏng xốt đun lụt sùng ầm váng lựu lỏng lụt lắt tươm láng xào lạch.', '240000.00', 'https://www.themealdb.com/images/media/meals/i0610h1765659464.jpg/preview', 'Chinese', 1, 0, '2026-03-12 00:04:15', '2026-03-12 00:04:15');
INSERT INTO `menu_items` (`id`, `category_id`, `name`, `description`, `price`, `image_url`, `area`, `is_available`, `is_featured`, `created_at`, `updated_at`) VALUES
('d4621308-2239-4b8a-93aa-4456bc05245a', '79440908-cec9-40b7-ba7b-0e8c3e5fdd80', 'Kẹo Me Viên Lăn Đường Hạt Caribbean', 'Những viên kẹo thủ công vo tròn nhai dẻo dính răng, vị me chua thanh tao được cân bằng bởi lớp đường kính áo ngoài lấp lánh giòn rộp.', '195000.00', 'https://www.themealdb.com/images/media/meals/z1hz7z1765316430.jpg/preview', 'Jamaican', 0, 0, '2026-03-12 00:03:53', '2026-03-12 00:03:53'),
('d7cc1d30-f3d1-43f3-9c60-1a3593bc7a14', '79440908-cec9-40b7-ba7b-0e8c3e5fdd80', 'Bánh Doughnut Pączki Nhồi Mứt Vỏ Chanh', 'Bánh rán bồng bềnh béo ngậy chiên xém vỏ, cất giấu phần nhân mứt hoa quả ngọt dịu và phủ đẫm lớp đường tinh thể rôm rốp vui miệng.', '180000.00', 'https://www.themealdb.com/images/media/meals/x6jqog1764359857.jpg/preview', 'Polish', 1, 0, '2026-03-12 00:04:33', '2026-03-12 00:04:33'),
('d9d3053a-a1dd-48ba-9e22-73b2fdaba0ec', '56d9060a-cb24-499d-9431-ae5cb161fea8', 'Cá Chẽm Áp Chảo Mỡ Hành Ớt Gừng Cay Nồng Dính Mướt Quệt Môi Béo Ngậy Cắn Rập Răng Tuyệt Đỉnh Khó Phai Nhức', 'Cá phi lỏng lủng xát ném lựu văng áp tươm láng rắc hành tỏi lụn lỏng lủng đun bục bùng lụn.', '155000.00', 'https://www.themealdb.com/images/media/meals/tqd7s21763780609.jpg/preview', 'Vietnamese', 1, 0, '2026-03-12 00:04:12', '2026-03-12 00:04:12'),
('daa66241-fba1-4b1b-83bc-2d3c9bdc13b6', '95d9ce28-aa8d-44a9-b099-5556c238a42e', 'Súp Kem Nghêu Chowder Vùng Boston Cô Đặc Nước Hầm Béo Ngậy Tan Chảy Ngập Lối Rũ Lưỡi Mặn Mòi', 'Nghêu tươi luộc bục vỡ há miệng nhả nước ngọt tủy chắt lỏng đun kem sữa tọng khoai tây bở tơi váng tươm béo láng.', '240000.00', 'https://www.themealdb.com/images/media/meals/rvtvuw1511190488.jpg/preview', 'American', 1, 0, '2026-03-12 00:04:05', '2026-03-12 00:04:05'),
('dbc69dca-122c-4f10-926e-d4f778fa158c', '27e07a31-f585-4fae-a8d3-dd43b686e6d4', 'Bò Hầm Trái Bí Đỏ Carbonada Criolla', 'Tuyệt kỹ hầm chậm Nam Mỹ với bò áp chảo nâu óng xém cạnh, ninh mềm trong nước cốt ngọt lịm từ bí đỏ và khoai tây bở tơi.', '145000.00', 'https://www.themealdb.com/images/media/meals/8b2msz1763074897.jpg/preview', 'Argentinian', 0, 0, '2026-03-12 00:03:53', '2026-03-12 00:03:53'),
('dd651319-88e9-41d1-9f44-2dde5c8db63c', 'c52195d5-d7bf-4c33-94f4-6628dc481a0c', 'Mì Ý Linguine Bí Đỏ Đút Lò Xốt Béo Chảy Đậm Đạt Kích Thích Vị Giác Khét Nước Lỏng Le Lỏng Lét Mặn Chát Béo Ngậy Cắn Rập Răng Tuyệt', 'Mì lỏng lủng ấp chảo lỏng xốt đun lụt sùng ầm váng lựu lỏng lụt lắt tươm láng xào lộn.', '170000.00', 'https://www.themealdb.com/images/media/meals/wxswxy1511452625.jpg/preview', 'Italian', 1, 0, '2026-03-12 00:04:22', '2026-03-12 00:04:22'),
('de97575d-c95d-47d3-85fb-ff22367eb806', 'eda062c9-466f-4f68-ab6d-675368609649', 'Thịt Băm Viên Đút Lò Nghêu Biển Xúc Xích Mực Ống Chua Ngọt Thượng Hải Áp Chảo Bơ Khét Xém Rụm Lớp Vỏ Tan Chảy Nhân Thơm Nồng Mọng Nước', 'Hành xào lụn tươm láng ném nghêu chua lỏng rũ lỏng lủng đun bục bùng nhồi nát vỏ đút xém vỡ dòn láng lấp.', '70000.00', 'https://www.themealdb.com/images/media/meals/2wt8721763334199.jpg/preview', 'Spanish', 1, 0, '2026-03-12 00:04:19', '2026-03-12 00:04:19'),
('df1a1954-50ea-4010-87d0-c2369a6b1964', '19e6a569-fa40-4ed7-a08d-fd8c80c8aa44', 'Thịt Gà Phủ Khoai Tây Parmentier Đút Lò Xém Bề Mặt Phô Mai', 'Khay đút lò xếp lớp thịt băm xào tỏi vùi sâu dưới mền khoai tây nghiền láng mượt tươm bơ sữa nướng vàng ươm xém viền phô mai.', '95000.00', 'https://www.themealdb.com/images/media/meals/uwvxpv1511557015.jpg/preview', 'French', 1, 0, '2026-03-12 00:03:58', '2026-03-12 00:03:58'),
('df536875-e068-4ec5-a5b9-aa6b751e3357', '79440908-cec9-40b7-ba7b-0e8c3e5fdd80', 'Bánh Kem Socola Gateau Mượt Trôi Cổ Họng Đắng Ngọt Phủ Đỉnh Cấp', 'Bông lan socola đen đánh bông nướng xốp ẩm lấp trét kem bơ béo ngậy chảy mượt mà lấp đầy giác quan.', '70000.00', 'https://www.themealdb.com/images/media/meals/tqtywx1468317395.jpg/preview', 'French', 1, 0, '2026-03-12 00:04:02', '2026-03-12 00:04:02'),
('e0cbc971-c3a3-427f-b673-25a4d506ae1e', '27e07a31-f585-4fae-a8d3-dd43b686e6d4', 'Bánh Mì Prego Kẹp Bít Tết Heo Phết Xốt Ớt Xanh Piri Piri', 'Bánh xốp nướng bơ kẹp thịt thăn đập dập áp chảo mọng nước, đắm chìm trong nước xốt ớt cay xé lưỡi bùng nổ hương vị mãnh liệt.', '125000.00', 'https://www.themealdb.com/images/media/meals/ewcikl1614348364.jpg/preview', 'Portuguese', 1, 0, '2026-03-12 00:04:38', '2026-03-12 00:04:38'),
('e128e35d-9187-48ef-8127-24f8c803c82b', 'c52195d5-d7bf-4c33-94f4-6628dc481a0c', 'Thố Đậu Lăng Hầm Xông Khói Bí Đỏ Ngọt Bùi Thượng Hạng Khét Nước Lỏng Le Lỏng Lét Mặn Chát Béo Ngậy Cắn Rập Răng Tuyệt', 'Bí lỏng lủng ấp chảo lỏng xốt đun lụt sùng ầm váng đậu lựu lỏng lụt lắt tươm láng xào lộn.', '200000.00', 'https://www.themealdb.com/images/media/meals/uwxqwy1483389553.jpg/preview', 'British', 1, 0, '2026-03-12 00:04:17', '2026-03-12 00:04:17'),
('e132caf9-2986-4f24-84f2-110f0ae055e0', '95d9ce28-aa8d-44a9-b099-5556c238a42e', 'Súp Bông Cải Xanh Phô Mai Stilton', 'Bát súp rau củ mịn màng thanh mát, điểm xuyết dăm vụn phô mai xanh Stilton đậm vị tạo nên kết cấu sánh ngậy êm ái.', '80000.00', 'https://www.themealdb.com/images/media/meals/tvvxpv1511191952.jpg/preview', 'British', 1, 0, '2026-03-12 00:03:52', '2026-03-12 00:03:52'),
('e15a9f85-9da6-4c7c-8ce5-8ecbf7d97efd', '41bb93b7-357e-4edd-b1f6-f0221963968c', 'Súp Sườn Heo Hầm Củ Dền Borsch Đỏ Au Ngập Nước Cốt', 'Thố súp màu đỏ ngọc thạch lựu bắt mắt hầm dẻ sườn non heo róc tủy, vị dền tươi mát xen lẫn sự chua thanh từ các loại thảo mộc xứ lạnh.', '75000.00', 'https://www.themealdb.com/images/media/meals/om5hsl1764364721.jpg/preview', 'Polish', 1, 0, '2026-03-12 00:04:37', '2026-03-12 00:04:37'),
('e21959d2-accf-4163-835c-f8a364f1d5b7', '79440908-cec9-40b7-ba7b-0e8c3e5fdd80', 'Kem Mâm Xôi Đen Kèm Bánh Quy Hạt Giòn', 'Sự đối lập hoàn hảo giữa lớp kem trái cây đánh bông xốp mịn chua thanh và đế bánh quy hạnh nhân nướng bùi bùi tỏa hương.', '130000.00', 'https://www.themealdb.com/images/media/meals/rpvptu1511641092.jpg/preview', 'British', 1, 0, '2026-03-12 00:03:48', '2026-03-12 00:03:48'),
('e2631451-cdd6-4252-af67-e6ce6442774c', '79440908-cec9-40b7-ba7b-0e8c3e5fdd80', 'Bánh Pudding Trái Cây Mùa Hè Chua Thanh Đỏ Au Nhúng Ngập Nước Cốt Mọng Rũ Ngâm Đẫm Rát Lưỡi Khét Lẹt Nổ Văng Giòn Sần Sật Tươm Mỡ Đỏ Cháy Xém', 'Pudding lát xát lỏng nướng khét láng cuộn lấp lỏng lựu văng bắn xóc lộn đứt.', '45000.00', 'https://www.themealdb.com/images/media/meals/rsqwus1511640214.jpg/preview', 'British', 1, 0, '2026-03-12 00:04:27', '2026-03-12 00:04:27'),
('e335d725-97d5-43e2-8305-473cfe5a9a8a', '27e07a31-f585-4fae-a8d3-dd43b686e6d4', 'Bò Xào Sốt Cay Tứ Xuyên Ám Khói', 'Thịt bò thăn thái lát xào lửa lớn tươm vị ngọt tủy, bao bọc bởi dải xốt tương ớt Tứ Xuyên tê the đầu lưỡi nức mũi khó quên.', '135000.00', 'https://www.themealdb.com/images/media/meals/1529443236.jpg/preview', 'Chinese', 1, 0, '2026-03-12 00:04:28', '2026-03-12 00:04:28'),
('e4c31c3f-7d03-46e3-969a-3d48d0325117', 'c52195d5-d7bf-4c33-94f4-6628dc481a0c', 'Đậu Hũ Non Tơ Sốt Nước Tương Mè Rang Đậm Đặc Mềm Mọng Vỡ Bục Trào Nước Lóng Lánh Rưới Đẫm Dầu Giấm Chua Mặn', 'Đậu lỏng lủng luộc bở vỡ vớt lỏng tươm láng xốt tương lỏng lụt lắt tươm láng xào lạch.', '140000.00', 'https://www.themealdb.com/images/media/meals/j9nray1765657692.jpg/preview', 'Chinese', 1, 0, '2026-03-12 00:04:15', '2026-03-12 00:04:15'),
('e6e44258-087c-4d17-a0aa-4d836986e262', '79440908-cec9-40b7-ba7b-0e8c3e5fdd80', 'Bánh Bông Lan Nở Phồng Socola Souffle Rỗng Khí Bồng Bềnh Rút Lõi Mềm Nhũn Chảy Lóng Lánh', 'Đút lò nướng bục vỡ phồng rộp vỏ rạn giòn tan ấp ủ cốt socola kem bơ đun chảy múc vỡ rụm òa khói thơm lừng.', '140000.00', 'https://www.themealdb.com/images/media/meals/twspvx1511784937.jpg/preview', 'French', 1, 0, '2026-03-12 00:04:02', '2026-03-12 00:04:02'),
('e8e57ad4-fba2-4838-86cc-15884a9ff093', '27e07a31-f585-4fae-a8d3-dd43b686e6d4', 'Bò Xào Bông Cải Xanh Mọng Nước', 'Thăn bò thượng hạng thái mỏng xào lửa lớn giữ trọn vị ngọt tủy, kết hợp bông cải xanh giòn sần sật trong lớp xốt dầu hào bóng bẩy.', '165000.00', 'https://www.themealdb.com/images/media/meals/m0p0j81765568742.jpg/preview', 'Chinese', 1, 0, '2026-03-12 00:03:40', '2026-03-12 00:03:40'),
('e9a4921e-c903-4d3b-892d-6b720ecb7b15', '79440908-cec9-40b7-ba7b-0e8c3e5fdd80', 'Kem Cháy Crema Catalana Xứ Tây Ban Nha Đút Lò Béo Ngậy Cắn Vỡ Vỏ Rụm Lóng Lánh Chảy Đáy Dính Mướt', 'Sữa kem đun lụt thảo mộc váng lỏng lấp liếm trứng đánh tã đút lò rạn vỡ bục khò cháy đường khét láng mượt lỏng nhũn rũ.', '240000.00', 'https://www.themealdb.com/images/media/meals/x73ll91763247842.jpg/preview', 'Spanish', 1, 0, '2026-03-12 00:04:08', '2026-03-12 00:04:08'),
('ea84ce58-dd7d-49f9-b9b5-3b37a6ac941f', '19e6a569-fa40-4ed7-a08d-fd8c80c8aa44', 'Gà Cà Ri Panang Cay Xé Xốt Dừa', 'Đùi gà hầm mềm trong xốt cà ri đỏ rực sánh quyện vị cốt dừa béo ngậy, bùng nổ hương chanh thái thanh mát và lạc rang bùi bùi.', '165000.00', 'https://www.themealdb.com/images/media/meals/0dhtwr1763371444.jpg/preview', 'Thai', 1, 0, '2026-03-12 00:04:29', '2026-03-12 00:04:29'),
('eb4987ad-3773-4ea3-87bd-2b45ed674986', '19e6a569-fa40-4ed7-a08d-fd8c80c8aa44', 'Cơm Chiên Gà Á Đông Nướng Đáy Chảo Hạt Dẻo Tơi Rời', 'Hạt cơm đảo chảo gang xém viền bọc màng trứng tơi tã, hòa quyện thịt gà xắt lựu mọng nước dội xốt tương đen bóng láng.', '75000.00', 'https://www.themealdb.com/images/media/meals/wuyd2h1765655837.jpg/preview', 'Chinese', 1, 0, '2026-03-12 00:03:57', '2026-03-12 00:03:57'),
('ebd19e58-8251-4ef5-b356-2b506c86e627', '41bb93b7-357e-4edd-b1f6-f0221963968c', 'Thố Đậu Gà Hầm Xúc Xích Xông Khói Cải Bó Xôi Sánh Sệt Cô Đặc', 'Nồi hầm sôi lăn tăn xốt sánh quyện nước dùng tủy xương và xúc xích heo áp chảo tươm mỡ, ấp ủ đậu mềm nhừ và lá cải thanh mát.', '225000.00', 'https://www.themealdb.com/images/media/meals/xvnx8j1763287209.jpg/preview', 'Spanish', 1, 0, '2026-03-12 00:03:59', '2026-03-12 00:03:59'),
('ebd5c96d-29ed-4cd5-aa76-16e652588cc9', '27e07a31-f585-4fae-a8d3-dd43b686e6d4', 'Xúc Xích Thịt Băm Nướng Than Hoa Cevapi', 'Những thanh xúc xích tự nặn giòn dai, trộn ngập hành tỏi ớt paprika xông khói nướng tươm mỡ xèo xèo phảng phất hương than củi.', '105000.00', 'https://www.themealdb.com/images/media/meals/vc08jn1628769553.jpg/preview', 'Croatian', 1, 0, '2026-03-12 00:03:53', '2026-03-12 00:03:53'),
('ebf9756b-03f8-4871-9ee1-27784eb14854', 'e329a11a-e7b2-4081-8b1c-2aba3f0e2d29', 'Vai Cừu Hầm Chậm Đậu Trắng Thượng Đỉnh Mềm Tan Tủy Xương Đậm Chất Malaysia Béo Ngậy Đỉnh Bậc Lóng Lánh Chảy Đáy Dính Mướt', 'Cừu luộc dập lỏng lủng lặn ngụp đậu ấp lỏng rũ đánh tã đút rạn bục khò khét láng lỏng rũ.', '245000.00', 'https://www.themealdb.com/images/media/meals/9kwatm1763327074.jpg/preview', 'Spanish', 1, 0, '2026-03-12 00:04:21', '2026-03-12 00:04:21'),
('ed9fd87b-dffc-4c7a-abc4-0c22a46bbcf4', '56d9060a-cb24-499d-9431-ae5cb161fea8', 'Salad Mực Ống Đậu Gà Xúc Xích Trộn Giấm Mặn Mòi Rát Lưỡi Tê Ngây Cô Đặc Nhừ Tử Béo Ngậy Tan Chảy Ngập Lối Mặn Mòi Rát Lưỡi Đê Mê', 'Mực lỏng lủng luộc bở vỡ vớt lỏng tươm láng xốt tương lỏng lụt lắt tươm láng thịt xào lộn.', '45000.00', 'https://www.themealdb.com/images/media/meals/wsu0rc1761848482.jpg/preview', 'Australian', 1, 0, '2026-03-12 00:04:22', '2026-03-12 00:04:22'),
('ee7c7be8-782e-48f5-97c3-5ee5964ba6ee', '19e6a569-fa40-4ed7-a08d-fd8c80c8aa44', 'Cánh Gà Nướng Cumin Cốt Chanh Tỏi Mặn Cay Rát Đầu Lưỡi', 'Cánh gà nướng bóng bẩy mỡ tươm bốc khói tẩm vụn vỏ chanh, tỏi băm và bột thì là mang lại dư vị đậm đà thấm từng ngón tay.', '155000.00', 'https://www.themealdb.com/images/media/meals/4hzyvq1763792564.jpg/preview', 'Turkish', 1, 0, '2026-03-12 00:03:59', '2026-03-12 00:03:59'),
('eeb54c39-0fc1-40d8-b0a6-25b85794dfca', 'c52195d5-d7bf-4c33-94f4-6628dc481a0c', 'Bánh Trứng Cuộn Omelette Rau Củ Đút Lò Lót Bí Ngòi Phô Mai', 'Trứng đánh tơi xốp đút lò phồng rộp vỏ nứt xém cạnh quyện bí ngòi thái lựu thanh mát dồn nén lớp phô mai béo ngậy láng chảy mượt mà.', '235000.00', 'https://www.themealdb.com/images/media/meals/qwtrtp1511799242.jpg/preview', 'French', 1, 0, '2026-03-12 00:04:42', '2026-03-12 00:04:42'),
('eeb66b09-5f76-445d-bd34-67094438131c', '79440908-cec9-40b7-ba7b-0e8c3e5fdd80', 'Mousse Bơ Socola Tươi Mát Thuần Chay Béo Ngậy Đánh Bông Xốp Phồng Bồng', 'Thịt bơ sáp vàng dầm nhuyễn hòa quyện cacao nguyên bản béo ngậy ngọt lịm mướt mịn trôi tuột cổ họng đê mê tột cùng.', '240000.00', 'https://www.themealdb.com/images/media/meals/uttuxy1511382180.jpg/preview', 'British', 1, 0, '2026-03-12 00:04:01', '2026-03-12 00:04:01'),
('f086a92a-3670-4323-ae81-fc7d9b403588', '79440908-cec9-40b7-ba7b-0e8c3e5fdd80', 'Bánh Trái Đào Việt Quất Nướng Xốp Giòn Grunt', 'Cốt bánh nướng ngậm đẫm xốt trái cây, vị chua dôn dốt của việt quất cân bằng hoàn hảo cùng lát đào mọng nước điểm hương quế ấm nồng.', '235000.00', 'https://www.themealdb.com/images/media/meals/ssxvup1511387476.jpg/preview', 'American', 1, 0, '2026-03-12 00:04:31', '2026-03-12 00:04:31'),
('f10ab080-5e76-41c7-be48-b9f206e99f33', '79440908-cec9-40b7-ba7b-0e8c3e5fdd80', 'Bánh Ngàn Lớp Baklava Nhân Hạt & Ricotta', 'Tuyệt phẩm tráng miệng với ngàn lớp vỏ mỏng tang, ôm trọn nhân hạt nướng, phô mai Ricotta béo ngậy đẫm trong si-rô mật ong thanh ngọt.', '160000.00', 'https://www.themealdb.com/images/media/meals/ytme8t1764111401.jpg/preview', 'Turkish', 1, 0, '2026-03-12 00:03:38', '2026-03-12 00:03:38'),
('f1267fa6-a3c9-4d2f-84fd-a696d2cabe43', '79440908-cec9-40b7-ba7b-0e8c3e5fdd80', 'Bánh Vuông Socola Dừa Bào Nướng Giòn Xốp Phồng Rộp Nứt Nẻ Tỏa Hương Béo Bùi', 'Cốt bánh bơ trứng nướng xốp ấp ủ vụn dừa bào béo ngậy vẩy bột đút lò xém mặt giòn vỡ vụn lõi mềm êm ả lụi.', '225000.00', 'https://www.themealdb.com/images/media/meals/8oupz51761848432.jpg/preview', 'Australian', 1, 0, '2026-03-12 00:04:02', '2026-03-12 00:04:02'),
('f23f91bd-e56d-4476-b3b7-fbb5cf06651a', '79440908-cec9-40b7-ba7b-0e8c3e5fdd80', 'Bánh Pancake Củ Dền Tím Mộng Mơ', 'Những chiếc bánh xốp bồng bềnh mang sắc tím rực rỡ, vị ngọt thanh tự nhiên từ cốt dền tươi kết hợp hài hòa cùng dòng sữa mát lành.', '175000.00', 'https://www.themealdb.com/images/media/meals/xlqqhw1764369924.jpg/preview', 'Ukrainian', 1, 0, '2026-03-12 00:03:46', '2026-03-12 00:03:46'),
('f3026c3d-844d-4503-a82a-7f5913e7ae0a', '27e07a31-f585-4fae-a8d3-dd43b686e6d4', 'Sandwich Bò Chivito Uruguay Thượng Lưu Kẹp Trứng Lòng Đào Chảy', 'Bánh mì brioche xốp phồng nướng xém kẹp lót tảng bò mềm ốp la trứng lòng đào sóng sánh thịt hun khói và phô mai chảy.', '190000.00', 'https://www.themealdb.com/images/media/meals/j80gmw1764372176.jpg/preview', 'Uruguayan', 1, 0, '2026-03-12 00:04:00', '2026-03-12 00:04:00'),
('f3c382e5-0cd2-4bce-ba8e-f8dff8b05edc', '56d9060a-cb24-499d-9431-ae5cb161fea8', 'Bánh Trứng Cuộn Cá Tuyết Muối Tortilla Tây Ban Nha Nướng Xém Cạnh Rạn Nứt Nẻ Lỏng Lợn Cợn Lủng Củng Đun', 'Khoai luộc bở nhũn xào cá áp tươm láng đổ trứng đánh tã đun rát váng xém bục nứt rỗng bỏ lỏng.', '240000.00', 'https://www.themealdb.com/images/media/meals/njj1681763297231.jpg/preview', 'Spanish', 1, 0, '2026-03-12 00:04:12', '2026-03-12 00:04:12'),
('f62e3b89-5bf8-4066-818e-d6452074cd4a', '95d9ce28-aa8d-44a9-b099-5556c238a42e', 'Bánh Tart Phô Mai Kem Cream Cheese Trái Cây Đút Lò Lót Đáy Giòn Tan Kéo Sợi Bóng Láng Ngập Ngụa Cắn', 'Đế bơ đập nhồi đút lò xém rạn lót kem phô mai chảy lỏng lấp liếm trái cây mọng chua dôn dốt láng mượt rũ.', '145000.00', 'https://www.themealdb.com/images/media/meals/wurrux1468416624.jpg/preview', 'American', 1, 0, '2026-03-12 00:04:06', '2026-03-12 00:04:06'),
('f6571488-df7b-421a-b78f-7360b8afee7d', 'e329a11a-e7b2-4081-8b1c-2aba3f0e2d29', 'Súp Lúa Mì Cừu Cà Chua Chorba Kiểu Algeria Nước Hầm Đậm Kích Vị Tê Ngây', 'Cừu thái hạt lựu hầm rục tủy sền sệt quyện lúa mì non nứt nẻ lấp liếm xốt ớt tỏi thảo mộc cay xé nước dùng đậm.', '180000.00', 'https://www.themealdb.com/images/media/meals/p9tebp1764118792.jpg/preview', 'Algerian', 1, 0, '2026-03-12 00:04:03', '2026-03-12 00:04:03'),
('f71d2a55-1965-49bf-ae0a-1f2270e86899', '79440908-cec9-40b7-ba7b-0e8c3e5fdd80', 'Bánh Chiên Churros Giòn Tan Phủ Đường Quế Lõi Xốp Dẻo Chấm Ngập Lối Lóng Lánh Kéo Sợi Bóng Lộn', 'Bột luộc bơ đun lụt nhào tã nắn lỏi chiên ngập dầu vỏ vỡ rụm nứt rạn lõi xốp dính chấm xốt lỏng láng mướt.', '115000.00', 'https://www.themealdb.com/images/media/meals/nxnny61763250596.jpg/preview', 'Spanish', 1, 0, '2026-03-12 00:04:05', '2026-03-12 00:04:05'),
('f80fad85-3b9b-4cd5-91f2-c4dc9d121361', 'c52195d5-d7bf-4c33-94f4-6628dc481a0c', 'Salad Củ Dền & Bắp Cải Đỏ Lên Men', 'Sắc đỏ quyến rũ từ củ dền và bắp cải giòn sần sật lên men tự nhiên, mang lại vị chua thanh mát nhẹ nhàng giải ngấy.', '90000.00', 'https://www.themealdb.com/images/media/meals/ra2k8a1764365055.jpg/preview', 'Polish', 1, 0, '2026-03-12 00:03:46', '2026-03-12 00:03:46'),
('f88196ad-bd34-4b61-926d-ea533ce47346', '79440908-cec9-40b7-ba7b-0e8c3e5fdd80', 'Bánh Pie Hạt Hồ Đào Bọc Socola Chip Đút Lò Xốp Giòn Rụm Lóng Lánh', 'Đế bánh nứt vỡ rạn xốp ấp ủ nhân đường bơ đánh tơi đút lò, lấp liếm hạt hồ đào bùi béo và vị socola đắng êm dịu đặc sắc.', '220000.00', 'https://www.themealdb.com/images/media/meals/rqvwxt1511384809.jpg/preview', 'American', 1, 0, '2026-03-12 00:04:00', '2026-03-12 00:04:00'),
('fa333f43-c3a6-4dff-823a-6759c311709d', '19e6a569-fa40-4ed7-a08d-fd8c80c8aa44', 'Gà Chiên Giòn Karaage Nhật Bản Áo Bột Mỏng Tang', 'Thịt đùi gà tẩm xốt tương gừng đậm đặc chiên ngập dầu rộp phồng, vỏ giòn tan giữ trọn thớ thịt trắng ngần mọng nước tiết trào.', '215000.00', 'https://www.themealdb.com/images/media/meals/tyywsw1505930373.jpg/preview', 'Japanese', 0, 0, '2026-03-12 00:03:58', '2026-03-12 00:03:58'),
('fbb5c0f9-f987-42d3-8d5a-c33f36750d5d', '56d9060a-cb24-499d-9431-ae5cb161fea8', 'Mì Xào Tôm Chua Cay Vị Thái Nức Tiếng Hoàng Gia Đệ Nhất Khét Lẹt Nổ Văng Giòn Sần Sật Tươm Mỡ Đỏ Cháy Xém', 'Mì lát xát lỏng nướng khét láng cuộn lấp lỏng lựu văng bắn xóc lộn đứt.', '75000.00', 'https://www.themealdb.com/images/media/meals/568t931763584227.jpg/preview', 'Thai', 1, 0, '2026-03-12 00:04:22', '2026-03-12 00:04:22'),
('fbd33649-9693-47d4-b393-085ceaf7cc61', '19e6a569-fa40-4ed7-a08d-fd8c80c8aa44', 'Gà Hầm Nhụy Hoa Nghệ Tây Saffron & Nho Khô Vàng Ươm Kiêu Sa', 'Thớ gà áp xém nướng vàng dìm hầm liu riu trong nước dùng vàng óng kiêu sa từ nhụy hoa saffron, điểm nho khô chua ngọt tinh tế.', '140000.00', 'https://www.themealdb.com/images/media/meals/4mhr3u1763481087.jpg/preview', 'Spanish', 1, 0, '2026-03-12 00:03:59', '2026-03-12 00:03:59'),
('fd8f8ff9-7f9b-4766-a7a8-494495d5de02', 'eda062c9-466f-4f68-ab6d-675368609649', 'Trứng Trần Sốt Cà Chua Shakshouka Say Đắm Cay Xé Bỏng Rát Cô Đặc Nhừ Tử Khét Nước Nhũn Lụi Rũ Rượi', 'Lòng đánh tã lỏng đun cà ùng xốt tỏi đập lỏng lấp trứng lỏng lủng đun bục.', '135000.00', 'https://www.themealdb.com/images/media/meals/crd1jz1763592990.jpg/preview', 'Saudi Arabian', 1, 0, '2026-03-12 00:04:14', '2026-03-12 00:04:14'),
('fd951bf5-87e8-4cad-a5d4-808148987840', '79440908-cec9-40b7-ba7b-0e8c3e5fdd80', 'Bánh Sừng Bò Hạnh Nhân Cornes De Gazelle Nướng Xốp Giòn Khụm Lõi Mềm Rũ Nóng Bỏng Rát Lưỡi Đê Mê Trứ', 'Vỏ mỏng đút lò rạn vỡ rụm ấp ủ nhân hạnh nhân văng giã lỏng nhũn rắc bột đường lấp lánh láng mướt dính mặn chát.', '135000.00', 'https://www.themealdb.com/images/media/meals/0h1b7m1764120235.jpg/preview', 'Algerian', 1, 0, '2026-03-12 00:04:06', '2026-03-12 00:04:06'),
('fdeb2a1d-a4f8-4891-82b3-ee9a34f8c5bc', '79440908-cec9-40b7-ba7b-0e8c3e5fdd80', 'Bánh Brownie Socola Ngập Nhân Mâm Xôi Đỏ Au Lóng Lánh Kẹt Lõi Mềm Rũ', 'Bánh vuông nứt nẻ rạn vỡ rụm viền dòn tan lõi đầm bơ socola đun chảy đặc dính trộn mâm xôi chua dôn dốt.', '150000.00', 'https://www.themealdb.com/images/media/meals/yypvst1511386427.jpg/preview', 'American', 1, 0, '2026-03-12 00:04:02', '2026-03-12 00:04:02'),
('fe48a1cb-ad52-472c-ab65-6b03d2da09a7', '79440908-cec9-40b7-ba7b-0e8c3e5fdd80', 'Bánh Tart Bơ Chảy Phong Vị Canada', 'Chiếc bánh ngọt nhỏ xinh với vỏ giòn tan ôm trọn phần nhân si-rô bơ sữa cô đặc, dẻo quánh lóng lánh tươm vị ngọt êm ái.', '225000.00', 'https://www.themealdb.com/images/media/meals/wpputp1511812960.jpg/preview', 'Canadian', 1, 0, '2026-03-12 00:03:53', '2026-03-12 00:03:53'),
('fe6e0dab-e89d-4a4c-b42f-927af30cafe1', '19e6a569-fa40-4ed7-a08d-fd8c80c8aa44', 'Bánh Pie Gà Dăm Bông Tỏi Tây Đút Lò Vỏ Xốp Rộp', 'Vỏ bánh ngàn lớp đút lò vỡ vụn giòn tan ôm đẫy nhân lườn gà hầm nhừ, hòa quyện dăm bông xông khói mặn mòi trong xốt kem tỏi tây.', '60000.00', 'https://www.themealdb.com/images/media/meals/xrrtss1511555269.jpg/preview', 'British', 1, 0, '2026-03-12 00:03:57', '2026-03-12 00:03:57'),
('fee92283-2a53-4261-8325-de2d75de2489', '79440908-cec9-40b7-ba7b-0e8c3e5fdd80', 'Bánh Cuộn Quế Mềm Xốp Tỏa Hương Bơ Sữa Ngọt Lịm Nướng Bóng Láng Dính Nhớp Kẹt Răng Khó Quên', 'Bơ chảy lỏng nhào bột men sữa đường đập vỡ lún ủ nổ bục phồng rộp nứt rải quế cuộn vòng nướng xém ván béo ngậy.', '100000.00', 'https://www.themealdb.com/images/media/meals/as88dq1762772486.jpg/preview', 'Norwegian', 1, 0, '2026-03-12 00:04:05', '2026-03-12 00:04:05'),
('ff746a61-e8d6-4816-9315-cad0cf767196', 'c52195d5-d7bf-4c33-94f4-6628dc481a0c', 'Súp Bắp Cải Shchi Nga Thanh Mát', 'Súp truyền thống xứ Bạch Dương trong veo thanh tao, hầm nhừ bắp cải giòn ngọt điểm xuyết cà rốt xào bơ lạt thơm thoảng.', '170000.00', 'https://www.themealdb.com/images/media/meals/60oc3k1699009846.jpg/preview', 'Russian', 1, 0, '2026-03-12 00:03:52', '2026-03-12 00:03:52');

-- --------------------------------------------------------

--
-- Cấu trúc bảng cho bảng `orders`
--

CREATE TABLE `orders` (
  `id` char(36) COLLATE utf8mb4_unicode_ci NOT NULL COMMENT 'UUID primary key',
  `user_id` char(36) COLLATE utf8mb4_unicode_ci DEFAULT NULL COMMENT 'Foreign key to users table, nullable for walk-in customers',
  `table_id` char(36) COLLATE utf8mb4_unicode_ci NOT NULL COMMENT 'Foreign key to tables table, mandatory',
  `created_by_id` char(36) COLLATE utf8mb4_unicode_ci DEFAULT NULL,
  `staff_name_snapshot` varchar(255) COLLATE utf8mb4_unicode_ci DEFAULT NULL,
  `total_amount` decimal(10,2) NOT NULL COMMENT 'Total order amount',
  `order_status` varchar(50) COLLATE utf8mb4_unicode_ci NOT NULL DEFAULT 'pending' COMMENT 'Status: pending, preparing, ready, served, completed, cancelled',
  `payment_status` varchar(50) COLLATE utf8mb4_unicode_ci NOT NULL DEFAULT 'unpaid' COMMENT 'Payment status: unpaid, paid, refunded',
  `created_at` timestamp NOT NULL DEFAULT CURRENT_TIMESTAMP COMMENT 'Order creation timestamp',
  `updated_at` timestamp NOT NULL DEFAULT CURRENT_TIMESTAMP ON UPDATE CURRENT_TIMESTAMP COMMENT 'Last update timestamp'
) ENGINE=InnoDB DEFAULT CHARSET=utf8mb4 COLLATE=utf8mb4_unicode_ci COMMENT='Customer orders with tracking of order and payment status';

--
-- Đang đổ dữ liệu cho bảng `orders`
--

INSERT INTO `orders` (`id`, `user_id`, `table_id`, `created_by_id`, `staff_name_snapshot`, `total_amount`, `order_status`, `payment_status`, `created_at`, `updated_at`) VALUES
('050705f0-b88b-4590-91a8-49ee912712a4', NULL, '0274850e-9fc9-4d46-ac7e-867ca025d82f', NULL, NULL, '825000.00', 'completed', 'paid', '2026-04-19 02:52:41', '2026-04-19 03:29:41'),
('14a2290e-066a-4b0c-8124-65264647d802', 'f47ac10b-58cc-4372-a567-0e02b2c3d479', 'a79baac5-0b9d-44f1-815d-5585ba7c6bae', NULL, NULL, '1120000.00', 'completed', 'paid', '2026-04-19 03:21:10', '2026-04-19 05:03:10'),
('1edd9309-9f05-406a-8067-978b602adaf9', NULL, 'a79baac5-0b9d-44f1-815d-5585ba7c6bae', 'f47ac10b-58cc-4372-a567-0e02b2c3d479', 'Administrator', '120000.00', 'preparing', 'unpaid', '2026-04-21 02:59:02', '2026-04-21 02:59:02'),
('467d63b2-bb2f-4b58-a18b-358806a03380', 'f47ac10b-58cc-4372-a567-0e02b2c3d479', '0274850e-9fc9-4d46-ac7e-867ca025d82f', NULL, NULL, '380000.00', 'completed', 'paid', '2026-04-18 11:02:09', '2026-04-18 11:05:51'),
('4e158d78-dc38-4de0-bdf5-396fdaa6aa02', 'f47ac10b-58cc-4372-a567-0e02b2c3d479', '0274850e-9fc9-4d46-ac7e-867ca025d82f', NULL, NULL, '85000.00', 'completed', 'paid', '2026-04-18 11:07:27', '2026-04-19 02:07:13'),
('7b579000-0269-4c1e-87a0-93378053786f', NULL, 'a79baac5-0b9d-44f1-815d-5585ba7c6bae', 'f47ac10b-58cc-4372-a567-0e02b2c3d479', NULL, '0.00', 'completed', 'paid', '2026-04-21 02:56:36', '2026-04-21 02:56:55'),
('8e6900db-38a5-4993-abb9-7b938261be66', 'f47ac10b-58cc-4372-a567-0e02b2c3d479', 'a79baac5-0b9d-44f1-815d-5585ba7c6bae', NULL, NULL, '110000.00', 'completed', 'paid', '2026-04-18 10:51:49', '2026-04-18 10:55:45'),
('cd39e7a0-c6fd-4053-91c8-b351cb9637f3', NULL, 'a79baac5-0b9d-44f1-815d-5585ba7c6bae', NULL, NULL, '125000.00', 'completed', 'paid', '2026-04-21 02:18:15', '2026-04-21 02:19:06'),
('d1a565c9-04c1-4ce2-9ac7-1bad1a6e1a57', NULL, 'a79baac5-0b9d-44f1-815d-5585ba7c6bae', 'f47ac10b-58cc-4372-a567-0e02b2c3d479', 'Administrator', '480000.00', 'completed', 'paid', '2026-04-21 02:22:40', '2026-04-21 02:35:41'),
('d2bf579c-1557-47a1-aaa7-a6048eb7b45a', NULL, 'a79baac5-0b9d-44f1-815d-5585ba7c6bae', 'c8e210d7-13ea-449d-aeab-92c4f3022680', 'Waiter 1', '320000.00', 'completed', 'paid', '2026-04-19 13:12:46', '2026-04-21 02:19:12'),
('e979e4bc-953a-4ba2-b45d-1cb7b17c1fcf', NULL, '23920dc7-3683-4970-b9b8-092f5f6afc14', NULL, NULL, '400000.00', 'completed', 'paid', '2026-04-19 05:02:36', '2026-04-19 05:03:20'),
('f8dfa151-b0fd-46f9-bfb3-e8d75a6f0ce3', NULL, 'a79baac5-0b9d-44f1-815d-5585ba7c6bae', NULL, NULL, '485000.00', 'completed', 'paid', '2026-04-19 02:45:56', '2026-04-19 05:03:17');

-- --------------------------------------------------------

--
-- Cấu trúc bảng cho bảng `order_items`
--

CREATE TABLE `order_items` (
  `id` char(36) COLLATE utf8mb4_unicode_ci NOT NULL COMMENT 'UUID primary key',
  `order_id` char(36) COLLATE utf8mb4_unicode_ci NOT NULL COMMENT 'Foreign key to orders table',
  `menu_item_id` char(36) COLLATE utf8mb4_unicode_ci NOT NULL COMMENT 'Foreign key to menu_items table',
  `quantity` int(11) NOT NULL COMMENT 'Quantity ordered',
  `unit_price` decimal(10,2) NOT NULL COMMENT 'Price per unit at time of order',
  `notes` varchar(500) COLLATE utf8mb4_unicode_ci DEFAULT NULL COMMENT 'Special instructions for this item, optional',
  `status` varchar(20) COLLATE utf8mb4_unicode_ci NOT NULL DEFAULT 'pending' COMMENT 'Kitchen status: pending, cooking, done',
  `created_at` timestamp NOT NULL DEFAULT CURRENT_TIMESTAMP COMMENT 'Record creation timestamp'
) ENGINE=InnoDB DEFAULT CHARSET=utf8mb4 COLLATE=utf8mb4_unicode_ci COMMENT='Line items for orders with menu item references and special instructions';

--
-- Đang đổ dữ liệu cho bảng `order_items`
--

INSERT INTO `order_items` (`id`, `order_id`, `menu_item_id`, `quantity`, `unit_price`, `notes`, `status`, `created_at`) VALUES
('08bf4bf2-891a-4c4f-924d-28c118d41f5d', 'd1a565c9-04c1-4ce2-9ac7-1bad1a6e1a57', 'c3c480d1-c378-4244-a995-b08404d198ee', 1, '120000.00', NULL, 'done', '2026-04-21 02:22:40'),
('0f6c62a6-86e5-43e7-a83a-8e55301e823a', 'f8dfa151-b0fd-46f9-bfb3-e8d75a6f0ce3', 'c331e718-7fc0-41b0-879f-92b779245084', 1, '110000.00', NULL, 'done', '2026-04-19 02:45:56'),
('0f990c48-b381-4a81-ac25-5baabb7d7c6e', '050705f0-b88b-4590-91a8-49ee912712a4', 'a274b1e4-6020-42a5-a130-71d584259a15', 1, '245000.00', NULL, 'done', '2026-04-19 02:52:41'),
('1f1981a3-9417-4b83-b657-a2fded2997e1', '050705f0-b88b-4590-91a8-49ee912712a4', '5964af64-fc29-4ddc-8c08-78666cacc807', 1, '225000.00', NULL, 'done', '2026-04-19 02:52:41'),
('1fde8cf5-6ab1-448f-8041-11abbaa05b36', '467d63b2-bb2f-4b58-a18b-358806a03380', '7044eff5-2a37-468a-bb40-7552995cdf00', 1, '95000.00', NULL, 'done', '2026-04-18 11:02:09'),
('33f672ad-0ef5-4338-83f0-222e43902a79', 'cd39e7a0-c6fd-4053-91c8-b351cb9637f3', '9dd6dc12-cb17-445f-8ed7-1ef6420608f2', 1, '125000.00', NULL, 'done', '2026-04-21 02:18:15'),
('43e62a28-e452-4a34-bae2-0145a5e9d6bd', '467d63b2-bb2f-4b58-a18b-358806a03380', '1f18a50d-16ce-47ad-a50f-cac56c2d3e71', 1, '75000.00', NULL, 'done', '2026-04-18 11:02:09'),
('484f7ffc-a770-43ef-aebc-780f4294aa30', 'd1a565c9-04c1-4ce2-9ac7-1bad1a6e1a57', 'a6ec7ddd-c4ec-4a61-805b-25fc415a9d45', 1, '120000.00', NULL, 'done', '2026-04-21 02:22:57'),
('4d4970b6-0378-461f-921e-be12275197fa', 'f8dfa151-b0fd-46f9-bfb3-e8d75a6f0ce3', '4d55b204-056e-4f28-9449-08613db2948e', 1, '70000.00', NULL, 'done', '2026-04-19 02:45:56'),
('5465d16a-a41f-4eed-8402-6bdf447b5655', 'f8dfa151-b0fd-46f9-bfb3-e8d75a6f0ce3', '88b60d91-7f29-4d2a-93dd-95c97ce711db', 1, '95000.00', NULL, 'done', '2026-04-19 02:45:56'),
('586b57e3-5610-4aa5-9589-408bfc636bda', '8e6900db-38a5-4993-abb9-7b938261be66', 'c331e718-7fc0-41b0-879f-92b779245084', 1, '110000.00', NULL, 'done', '2026-04-18 10:51:49'),
('5c5be420-83eb-4eb1-a4e2-e1244217497c', '14a2290e-066a-4b0c-8124-65264647d802', '4d9ef335-5b59-41b8-9e4e-30cab7868e8d', 1, '195000.00', NULL, 'done', '2026-04-19 04:39:10'),
('65daf6f4-d4b7-4a7c-a7ce-4a46fae213bb', '14a2290e-066a-4b0c-8124-65264647d802', '3d8473b4-2ce5-495b-990e-da23d2861a84', 2, '110000.00', NULL, 'done', '2026-04-19 04:38:30'),
('6fa60578-c63a-43a4-a909-d7f633825da8', 'e979e4bc-953a-4ba2-b45d-1cb7b17c1fcf', '157053d5-c4b6-44d3-b3ff-cb0a684fa997', 1, '180000.00', NULL, 'done', '2026-04-19 05:02:36'),
('70e3ea45-a13a-4b63-905e-5e86fbd7b015', '467d63b2-bb2f-4b58-a18b-358806a03380', '980e2e7d-15df-4913-8a1d-fe80db9589af', 2, '105000.00', NULL, 'done', '2026-04-18 11:02:09'),
('7a10a735-a540-4593-87fe-2793fc14edc9', 'f8dfa151-b0fd-46f9-bfb3-e8d75a6f0ce3', 'a6cf4aaf-25a6-4384-9c06-ba6227bef1e7', 1, '210000.00', NULL, 'done', '2026-04-19 02:45:56'),
('7c68bdb1-c662-4f48-b6b9-9e5b86540e74', 'd1a565c9-04c1-4ce2-9ac7-1bad1a6e1a57', 'c3c480d1-c378-4244-a995-b08404d198ee', 2, '120000.00', '', 'done', '2026-04-21 02:35:22'),
('8f7a0a3e-6be1-40a2-ad9e-403a70747a4f', 'd2bf579c-1557-47a1-aaa7-a6048eb7b45a', 'c331e718-7fc0-41b0-879f-92b779245084', 1, '110000.00', NULL, 'done', '2026-04-19 13:12:46'),
('9f474ad3-9e0d-4b9b-9b06-cd60728e37df', '050705f0-b88b-4590-91a8-49ee912712a4', 'eeb54c39-0fc1-40d8-b0a6-25b85794dfca', 1, '235000.00', NULL, 'done', '2026-04-19 02:52:41'),
('a3ce6ddd-e2ff-4c85-8709-043bb96dacf1', 'd2bf579c-1557-47a1-aaa7-a6048eb7b45a', 'a6cf4aaf-25a6-4384-9c06-ba6227bef1e7', 1, '210000.00', NULL, 'done', '2026-04-19 13:12:46'),
('a6a83113-bc29-4477-83fa-f85d30a2fd77', '14a2290e-066a-4b0c-8124-65264647d802', '4d55b204-056e-4f28-9449-08613db2948e', 2, '70000.00', NULL, 'done', '2026-04-19 04:38:30'),
('b8a88f3f-bada-4ca8-a090-4092e7e9c58d', 'e979e4bc-953a-4ba2-b45d-1cb7b17c1fcf', '3d8473b4-2ce5-495b-990e-da23d2861a84', 1, '110000.00', NULL, 'done', '2026-04-19 05:02:36'),
('be489f24-8983-4bac-af5d-3cda1ffca4f2', '14a2290e-066a-4b0c-8124-65264647d802', '88b60d91-7f29-4d2a-93dd-95c97ce711db', 1, '95000.00', NULL, 'done', '2026-04-19 04:38:30'),
('d0014793-d241-4418-826e-d3fe80b1bc95', '1edd9309-9f05-406a-8067-978b602adaf9', 'c3c480d1-c378-4244-a995-b08404d198ee', 1, '120000.00', '', 'pending', '2026-04-21 02:59:02'),
('dab2ac4a-b887-4d60-8947-fa6d49e344f9', '14a2290e-066a-4b0c-8124-65264647d802', '157053d5-c4b6-44d3-b3ff-cb0a684fa997', 2, '180000.00', NULL, 'done', '2026-04-19 04:38:30'),
('e06f2ec6-efd0-457e-9155-0c2c14824de7', 'e979e4bc-953a-4ba2-b45d-1cb7b17c1fcf', 'c331e718-7fc0-41b0-879f-92b779245084', 1, '110000.00', NULL, 'done', '2026-04-19 05:02:36'),
('f03ad12f-82ff-4230-8082-5037d627168c', '14a2290e-066a-4b0c-8124-65264647d802', 'c331e718-7fc0-41b0-879f-92b779245084', 1, '110000.00', NULL, 'done', '2026-04-19 04:38:30'),
('fe44bb12-d534-4d07-98ae-79437aab4176', '050705f0-b88b-4590-91a8-49ee912712a4', '04821150-2916-4614-8a34-6745d2cf249b', 2, '60000.00', NULL, 'done', '2026-04-19 02:52:41'),
('fe8d3097-ade7-45f3-8d6a-a891ade836cd', '4e158d78-dc38-4de0-bdf5-396fdaa6aa02', '08d946e9-9989-4472-9ce7-bef24ca5bd16', 1, '85000.00', NULL, 'done', '2026-04-18 11:07:27');

-- --------------------------------------------------------

--
-- Cấu trúc bảng cho bảng `reservations`
--

CREATE TABLE `reservations` (
  `id` char(36) COLLATE utf8mb4_unicode_ci NOT NULL COMMENT 'UUID primary key',
  `user_id` char(36) COLLATE utf8mb4_unicode_ci DEFAULT NULL COMMENT 'Foreign key to users table, nullable for guest reservations',
  `table_id` char(36) COLLATE utf8mb4_unicode_ci DEFAULT NULL COMMENT 'Foreign key to tables table, nullable if not assigned yet',
  `reservation_time` datetime NOT NULL COMMENT 'Reservation date and time',
  `guest_count` int(11) NOT NULL COMMENT 'Number of guests',
  `guest_name` varchar(255) COLLATE utf8mb4_unicode_ci NOT NULL COMMENT 'Guest name (for guest reservations or reference)',
  `guest_phone` varchar(20) COLLATE utf8mb4_unicode_ci NOT NULL COMMENT 'Guest phone number for contact',
  `notes` text COLLATE utf8mb4_unicode_ci COMMENT 'Special requests or notes, optional',
  `status` varchar(50) COLLATE utf8mb4_unicode_ci NOT NULL DEFAULT 'pending' COMMENT 'Status: pending, confirmed, completed, cancelled',
  `created_at` timestamp NOT NULL DEFAULT CURRENT_TIMESTAMP COMMENT 'Record creation timestamp',
  `updated_at` timestamp NOT NULL DEFAULT CURRENT_TIMESTAMP ON UPDATE CURRENT_TIMESTAMP COMMENT 'Last update timestamp'
) ENGINE=InnoDB DEFAULT CHARSET=utf8mb4 COLLATE=utf8mb4_unicode_ci COMMENT='Dining table reservations (supports guest and authenticated user reservations)';

--
-- Đang đổ dữ liệu cho bảng `reservations`
--

INSERT INTO `reservations` (`id`, `user_id`, `table_id`, `reservation_time`, `guest_count`, `guest_name`, `guest_phone`, `notes`, `status`, `created_at`, `updated_at`) VALUES
('080b5f0d-a9c1-4773-bf3e-fe08614e4b76', 'f47ac10b-58cc-4372-a567-0e02b2c3d479', '23920dc7-3683-4970-b9b8-092f5f6afc14', '2026-04-19 10:20:00', 4, 'Nguyễn Văn Hùng', '0912345678', '', 'completed', '2026-04-19 03:15:03', '2026-04-19 03:15:07'),
('158d6e98-ad80-4771-9922-353a4cb710d4', 'f47ac10b-58cc-4372-a567-0e02b2c3d479', '23920dc7-3683-4970-b9b8-092f5f6afc14', '2026-04-21 10:30:00', 2, 'Nguyễn Văn Hùng', '0912345678', '', 'cancelled', '2026-04-21 02:43:05', '2026-04-21 02:52:14'),
('33c28020-0865-4456-a569-cfa456416255', 'f47ac10b-58cc-4372-a567-0e02b2c3d479', 'a79baac5-0b9d-44f1-815d-5585ba7c6bae', '2026-04-21 11:00:00', 2, 'Nguyễn Văn Hùng', '0912345678', '', 'cancelled', '2026-04-21 02:49:04', '2026-04-21 02:52:16'),
('3946c858-8b03-4b25-9216-c6d795a01216', 'f47ac10b-58cc-4372-a567-0e02b2c3d479', 'a79baac5-0b9d-44f1-815d-5585ba7c6bae', '2026-04-19 10:24:00', 2, 'Nguyễn Văn Hùng', '0912345678', '', 'completed', '2026-04-19 03:21:07', '2026-04-19 03:21:10'),
('3c3e4d87-027c-4c0d-82d5-9b6396b49ba2', NULL, NULL, '2026-04-19 20:00:00', 2, 'Nguyễn Văn Hùng', '0912345678', NULL, 'pending', '2026-04-19 12:20:06', '2026-04-19 12:20:06'),
('403f27d2-5a34-429b-9109-a58ea4a1ff4d', 'f47ac10b-58cc-4372-a567-0e02b2c3d479', 'a79baac5-0b9d-44f1-815d-5585ba7c6bae', '2026-04-21 10:30:00', 2, 'Nguyễn Văn Hùng', '0912345678', '', 'cancelled', '2026-04-21 02:48:38', '2026-04-21 02:52:15'),
('62e1b31f-bd38-45f0-899b-64da4d2c8967', 'f47ac10b-58cc-4372-a567-0e02b2c3d479', 'a79baac5-0b9d-44f1-815d-5585ba7c6bae', '2026-04-19 00:51:00', 6, 'Nguyễn Văn Hùng', '0912345678', '', 'cancelled', '2026-04-19 03:01:55', '2026-04-19 03:02:53'),
('6558e577-b582-4367-80d3-e29df40d8fd1', 'f47ac10b-58cc-4372-a567-0e02b2c3d479', 'a79baac5-0b9d-44f1-815d-5585ba7c6bae', '2026-04-21 11:00:00', 2, 'Nguyễn Văn Hùng', '09123456788', NULL, 'cancelled', '2026-04-21 02:35:54', '2026-04-21 02:52:16'),
('66097364-a34c-4bab-864b-35281c8be38a', 'f47ac10b-58cc-4372-a567-0e02b2c3d479', 'a79baac5-0b9d-44f1-815d-5585ba7c6bae', '2026-04-21 11:00:00', 2, 'Nguyễn Văn Hùng', '0912345678', '', 'confirmed', '2026-04-21 02:54:21', '2026-04-21 02:54:21'),
('67572cb5-7e32-4d1b-9027-9d5d8b59b30b', 'f47ac10b-58cc-4372-a567-0e02b2c3d479', 'a8bf8ae8-943e-47cf-8269-6cbc199b2676', '2026-04-19 10:08:00', 6, 'Nguyễn Văn Hùng', '0912345678', '', 'completed', '2026-04-19 03:05:55', '2026-04-19 03:06:07'),
('69c22b41-6d25-44fb-87a5-4e7c9f0dd275', 'f47ac10b-58cc-4372-a567-0e02b2c3d479', '23920dc7-3683-4970-b9b8-092f5f6afc14', '2026-04-21 11:00:00', 2, 'Nguyễn Văn Hùng', '0912345678', NULL, 'confirmed', '2026-04-21 02:56:20', '2026-04-21 02:56:31'),
('74153a36-10a3-4680-b822-28b28208a766', 'f47ac10b-58cc-4372-a567-0e02b2c3d479', 'a79baac5-0b9d-44f1-815d-5585ba7c6bae', '2026-04-21 10:30:00', 2, 'Nguyễn Văn Hùng', '0912345678', '', 'completed', '2026-04-21 02:54:04', '2026-04-21 02:56:36'),
('8b5ca92e-bad8-48ec-b17a-db3fe52f7cee', 'f47ac10b-58cc-4372-a567-0e02b2c3d479', '23920dc7-3683-4970-b9b8-092f5f6afc14', '2026-04-21 12:30:00', 2, 'Nguyễn Văn Hùng', '0912345678', NULL, 'cancelled', '2026-04-21 02:47:59', '2026-04-21 02:52:17'),
('9ccc2490-ccd6-43b2-917f-2a808b835fb3', 'f47ac10b-58cc-4372-a567-0e02b2c3d479', '0274850e-9fc9-4d46-ac7e-867ca025d82f', '2026-04-19 09:48:00', 2, 'Nguyễn Văn Hùng', '09123456788', NULL, 'completed', '2026-04-19 02:46:32', '2026-04-19 02:56:17'),
('c6020b8f-2ba1-49ba-83c7-ef9c75707429', 'f47ac10b-58cc-4372-a567-0e02b2c3d479', 'a79baac5-0b9d-44f1-815d-5585ba7c6bae', '2026-04-19 09:12:00', 2, 'Nguyễn Văn Hùng', '09123456788', NULL, 'completed', '2026-04-19 02:10:40', '2026-04-19 02:51:37'),
('d5a9f989-69fb-4c77-bce2-ff9d71f7999e', 'f47ac10b-58cc-4372-a567-0e02b2c3d479', 'a79baac5-0b9d-44f1-815d-5585ba7c6bae', '2026-04-21 11:00:00', 2, 'Nguyễn Văn Hùng', '09123456788', NULL, 'completed', '2026-04-21 02:54:33', '2026-04-21 02:56:45');

-- --------------------------------------------------------

--
-- Cấu trúc bảng cho bảng `tables`
--

CREATE TABLE `tables` (
  `id` char(36) COLLATE utf8mb4_unicode_ci NOT NULL COMMENT 'UUID primary key',
  `table_number` varchar(50) COLLATE utf8mb4_unicode_ci NOT NULL COMMENT 'Physical table code/number (e.g., T1-01, VIP-02)',
  `capacity` int(11) NOT NULL COMMENT 'Seating capacity',
  `status` varchar(50) COLLATE utf8mb4_unicode_ci NOT NULL DEFAULT 'available' COMMENT 'Status: available, occupied, reserved, etc.',
  `created_at` timestamp NOT NULL DEFAULT CURRENT_TIMESTAMP COMMENT 'Record creation timestamp',
  `updated_at` timestamp NOT NULL DEFAULT CURRENT_TIMESTAMP ON UPDATE CURRENT_TIMESTAMP COMMENT 'Last update timestamp'
) ENGINE=InnoDB DEFAULT CHARSET=utf8mb4 COLLATE=utf8mb4_unicode_ci COMMENT='Physical dining tables with status tracking';

--
-- Đang đổ dữ liệu cho bảng `tables`
--

INSERT INTO `tables` (`id`, `table_number`, `capacity`, `status`, `created_at`, `updated_at`) VALUES
('0274850e-9fc9-4d46-ac7e-867ca025d82f', 'OUT-03', 4, 'available', '2026-03-16 21:15:33', '2026-03-16 21:15:33'),
('153a8a78-ca04-472e-841e-c7babfceafdb', 'T1-01', 2, 'available', '2026-03-16 21:15:33', '2026-03-16 21:15:33'),
('23920dc7-3683-4970-b9b8-092f5f6afc14', 'OUT-02', 4, 'available', '2026-03-16 21:15:33', '2026-04-19 05:03:22'),
('8f825124-11ae-4db4-b06d-b69413e2a105', 'VIP-02', 12, 'available', '2026-03-16 21:15:33', '2026-03-16 21:15:33'),
('9825957f-41ce-4c3b-8b93-7f0bb1dc2007', 'VIP-01', 8, 'available', '2026-03-16 21:15:33', '2026-03-16 21:15:33'),
('9da36c8d-e896-4310-b0dc-8c75dd64b5e3', 'T1-04', 4, 'available', '2026-03-16 21:15:33', '2026-03-16 21:15:33'),
('a439ae88-fa40-435a-9cc8-e0037fbf07e5', 'T1-02', 2, 'available', '2026-03-16 21:15:33', '2026-03-16 21:15:33'),
('a79baac5-0b9d-44f1-815d-5585ba7c6bae', 'OUT-01', 2, 'available', '2026-03-16 21:15:33', '2026-04-21 02:56:57'),
('a8bf8ae8-943e-47cf-8269-6cbc199b2676', 'T1-05', 6, 'available', '2026-03-16 21:15:33', '2026-03-16 21:15:33'),
('af37de66-bff4-416e-8ec9-a200418dd546', 'OUT-04', 4, 'available', '2026-04-19 11:40:59', '2026-04-19 11:40:59'),
('b30ff330-702c-4da5-892a-d5ebb1b3a970', 'T1-03', 4, 'available', '2026-03-16 21:15:33', '2026-03-16 21:15:33');

-- --------------------------------------------------------

--
-- Cấu trúc bảng cho bảng `users`
--

CREATE TABLE `users` (
  `id` char(36) COLLATE utf8mb4_unicode_ci NOT NULL,
  `username` varchar(100) COLLATE utf8mb4_unicode_ci NOT NULL,
  `password` varchar(255) COLLATE utf8mb4_unicode_ci NOT NULL,
  `full_name` varchar(255) COLLATE utf8mb4_unicode_ci NOT NULL,
  `role` enum('admin','cashier','waiter','kitchen') COLLATE utf8mb4_unicode_ci NOT NULL DEFAULT 'waiter',
  `status` enum('active','inactive') COLLATE utf8mb4_unicode_ci NOT NULL DEFAULT 'active',
  `created_at` timestamp NOT NULL DEFAULT CURRENT_TIMESTAMP
) ENGINE=InnoDB DEFAULT CHARSET=utf8mb4 COLLATE=utf8mb4_unicode_ci;

--
-- Đang đổ dữ liệu cho bảng `users`
--

INSERT INTO `users` (`id`, `username`, `password`, `full_name`, `role`, `status`, `created_at`) VALUES
('32fb1769-9854-4ba1-9bbf-23e07388ef6f', 'bep', '$2y$10$MnFhReQMFe6WsRg3OkPU3.KwCGG2/Egj35/DgEEMnLxd.w4IfdKAG', 'Lê Văn C', 'kitchen', 'active', '2026-04-19 12:32:52'),
('8f6fae23-b15b-457e-b640-20e2be517d35', 'quanly', '$2y$10$2iqH6zdXtwnB1Vi5jUV8OOZCkV1wmFzdTwBB2nnM1L1WEY7dLosdK', 'Nguyễn Phi Hùng', 'cashier', 'active', '2026-04-19 12:27:43'),
('c8e210d7-13ea-449d-aeab-92c4f3022680', 'waiter1', '$2y$10$WXkoA4kdS6joEBsy8o86k.igdE4VF3WjWCVY7rEGR4n0lenQt68h2', 'Waiter 1', 'waiter', 'active', '2026-04-19 12:44:25'),
('f47ac10b-58cc-4372-a567-0e02b2c3d479', 'admin', '$2y$10$ZSGTMGpVBqCpFcZQ3PiSaeaCC7yO7j0fTPrrtIWqz5RSnMzII7552', 'Administrator', 'admin', 'active', '2026-04-19 12:24:53'),
('f9799d0e-f10e-4533-a725-3088c9f0836a', 'nhanvien', '$2y$10$m6p7AjTHdvHtcss5iXMnku2GT4.T/PjtxlqaknqNOURKwqMg5zgbO', 'Nguyễn Thị B', 'waiter', 'active', '2026-04-19 12:32:33');

--
-- Chỉ mục cho các bảng đã đổ
--

--
-- Chỉ mục cho bảng `categories`
--
ALTER TABLE `categories`
  ADD PRIMARY KEY (`id`),
  ADD UNIQUE KEY `name` (`name`),
  ADD KEY `idx_name` (`name`);

--
-- Chỉ mục cho bảng `menu_items`
--
ALTER TABLE `menu_items`
  ADD PRIMARY KEY (`id`),
  ADD KEY `idx_category_id` (`category_id`),
  ADD KEY `idx_is_available` (`is_available`),
  ADD KEY `idx_is_featured` (`is_featured`),
  ADD KEY `idx_name` (`name`),
  ADD KEY `idx_menu_items_search` (`name`,`is_available`,`category_id`);

--
-- Chỉ mục cho bảng `orders`
--
ALTER TABLE `orders`
  ADD PRIMARY KEY (`id`),
  ADD KEY `idx_user_id` (`user_id`),
  ADD KEY `idx_table_id` (`table_id`),
  ADD KEY `idx_order_status` (`order_status`),
  ADD KEY `idx_payment_status` (`payment_status`),
  ADD KEY `idx_created_at` (`created_at`),
  ADD KEY `idx_orders_created_at_status` (`created_at`,`order_status`),
  ADD KEY `fk_orders_created_by` (`created_by_id`);

--
-- Chỉ mục cho bảng `order_items`
--
ALTER TABLE `order_items`
  ADD PRIMARY KEY (`id`),
  ADD KEY `idx_order_id` (`order_id`),
  ADD KEY `idx_menu_item_id` (`menu_item_id`);

--
-- Chỉ mục cho bảng `reservations`
--
ALTER TABLE `reservations`
  ADD PRIMARY KEY (`id`),
  ADD KEY `idx_user_id` (`user_id`),
  ADD KEY `idx_table_id` (`table_id`),
  ADD KEY `idx_reservation_time` (`reservation_time`),
  ADD KEY `idx_status` (`status`),
  ADD KEY `idx_reservations_time_status` (`reservation_time`,`status`);

--
-- Chỉ mục cho bảng `tables`
--
ALTER TABLE `tables`
  ADD PRIMARY KEY (`id`),
  ADD UNIQUE KEY `table_number` (`table_number`),
  ADD UNIQUE KEY `unique_table_number` (`table_number`),
  ADD KEY `idx_status` (`status`);

--
-- Chỉ mục cho bảng `users`
--
ALTER TABLE `users`
  ADD PRIMARY KEY (`id`),
  ADD UNIQUE KEY `username` (`username`),
  ADD KEY `idx_username` (`username`),
  ADD KEY `idx_role` (`role`);

--
-- Các ràng buộc cho các bảng đã đổ
--

--
-- Các ràng buộc cho bảng `menu_items`
--
ALTER TABLE `menu_items`
  ADD CONSTRAINT `fk_menu_items_category_id` FOREIGN KEY (`category_id`) REFERENCES `categories` (`id`) ON DELETE CASCADE;

--
-- Các ràng buộc cho bảng `orders`
--
ALTER TABLE `orders`
  ADD CONSTRAINT `fk_orders_created_by` FOREIGN KEY (`created_by_id`) REFERENCES `users` (`id`) ON DELETE SET NULL,
  ADD CONSTRAINT `fk_orders_table_id` FOREIGN KEY (`table_id`) REFERENCES `tables` (`id`),
  ADD CONSTRAINT `fk_orders_user_id` FOREIGN KEY (`user_id`) REFERENCES `users` (`id`) ON DELETE SET NULL;

--
-- Các ràng buộc cho bảng `order_items`
--
ALTER TABLE `order_items`
  ADD CONSTRAINT `fk_order_items_menu_item_id` FOREIGN KEY (`menu_item_id`) REFERENCES `menu_items` (`id`),
  ADD CONSTRAINT `fk_order_items_order_id` FOREIGN KEY (`order_id`) REFERENCES `orders` (`id`) ON DELETE CASCADE;

--
-- Các ràng buộc cho bảng `reservations`
--
ALTER TABLE `reservations`
  ADD CONSTRAINT `fk_reservations_table_id` FOREIGN KEY (`table_id`) REFERENCES `tables` (`id`) ON DELETE SET NULL,
  ADD CONSTRAINT `fk_reservations_user_id` FOREIGN KEY (`user_id`) REFERENCES `users` (`id`) ON DELETE SET NULL;
COMMIT;

/*!40101 SET CHARACTER_SET_CLIENT=@OLD_CHARACTER_SET_CLIENT */;
/*!40101 SET CHARACTER_SET_RESULTS=@OLD_CHARACTER_SET_RESULTS */;
/*!40101 SET COLLATION_CONNECTION=@OLD_COLLATION_CONNECTION */;
